Open,High,Low,Close,Volume,Dividends,Stock Splits,symbol,company_name,sector,industry,date
282.32,285.3,276.76,280.47,38410694,0.0,0.0,QQQ,,,,2020-10-26
281.42,283.5,280.2,282.66,30548123,0.0,0.0,QQQ,,,,2020-10-27
278.13,278.64,271.38,271.64,53387523,0.0,0.0,QQQ,,,,2020-10-28
273.04,279.49,272.52,276.39,43169802,0.0,0.0,QQQ,,,,2020-10-29
274.38,275.24,267.07,269.38,65914893,0.0,0.0,QQQ,,,,2020-10-30
271.73,273.52,266.97,269.98,39987409,0.0,0.0,QQQ,,,,2020-11-02
271.86,276.82,270.84,274.65,43489554,0.0,0.0,QQQ,,,,2020-11-03
283.56,288.77,281.87,286.91,75718806,0.0,0.0,QQQ,,,,2020-11-04
293.41,295.39,292.0,294.39,50654186,0.0,0.0,QQQ,,,,2020-11-05
293.58,295.36,289.83,294.61,40948264,0.0,0.0,QQQ,,,,2020-11-06
297.31,299.14,288.12,288.59,86537071,0.0,0.0,QQQ,,,,2020-11-09
285.26,286.66,280.62,283.42,68499878,0.0,0.0,QQQ,,,,2020-11-10
285.92,290.25,285.53,289.76,36102931,0.0,0.0,QQQ,,,,2020-11-11
290.72,292.07,287.25,288.4,34516826,0.0,0.0,QQQ,,,,2020-11-12
290.01,291.57,287.87,290.93,24880582,0.0,0.0,QQQ,,,,2020-11-13
290.68,293.51,289.99,293.2,29855761,0.0,0.0,QQQ,,,,2020-11-16
293.4,293.74,291.61,292.27,21832663,0.0,0.0,QQQ,,,,2020-11-17
291.7,293.37,290.02,290.11,28022969,0.0,0.0,QQQ,,,,2020-11-18
289.48,292.7,288.85,292.38,22718422,0.0,0.0,QQQ,,,,2020-11-19
292.3,293.06,290.29,290.38,25898908,0.0,0.0,QQQ,,,,2020-11-20
291.41,292.75,288.07,290.39,26871188,0.0,0.0,QQQ,,,,2020-11-23
291.49,294.98,289.63,294.47,24513991,0.0,0.0,QQQ,,,,2020-11-24
295.44,296.94,294.59,296.28,23292326,0.0,0.0,QQQ,,,,2020-11-25
298.29,300.17,297.9,299.01,17098115,0.0,0.0,QQQ,,,,2020-11-27
299.3,299.97,294.78,299.62,27031232,0.0,0.0,QQQ,,,,2020-11-30
301.87,305.14,300.83,303.46,27642640,0.0,0.0,QQQ,,,,2020-12-01
302.22,304.2,300.35,303.85,23620003,0.0,0.0,QQQ,,,,2020-12-02
304.07,305.88,303.53,304.28,22811227,0.0,0.0,QQQ,,,,2020-12-03
304.33,305.67,303.63,305.52,19331991,0.0,0.0,QQQ,,,,2020-12-04
305.71,307.63,305.52,307.25,20850969,0.0,0.0,QQQ,,,,2020-12-07
306.76,308.6,304.95,308.29,18341451,0.0,0.0,QQQ,,,,2020-12-08
308.07,308.36,300.21,301.31,48680806,0.0,0.0,QQQ,,,,2020-12-09
299.21,303.68,298.09,302.52,27516094,0.0,0.0,QQQ,,,,2020-12-10
300.81,301.98,298.47,301.85,26760416,0.0,0.0,QQQ,,,,2020-12-11
303.08,306.05,303.01,304.04,28674832,0.0,0.0,QQQ,,,,2020-12-14
306.37,307.29,304.11,307.29,25790455,0.0,0.0,QQQ,,,,2020-12-15
307.7,309.79,306.62,308.98,25423690,0.0,0.0,QQQ,,,,2020-12-16
310.63,311.24,309.39,311.0,23576324,0.0,0.0,QQQ,,,,2020-12-17
311.66,311.98,307.61,310.06,41165392,0.0,0.0,QQQ,,,,2020-12-18
306.46,309.47,303.6,308.92,37095480,0.0,0.0,QQQ,,,,2020-12-21
309.85,310.71,306.85,309.76,26078843,0.0,0.0,QQQ,,,,2020-12-22
309.81,310.18,308.04,308.2,21201280,0.0,0.0,QQQ,,,,2020-12-23
308.47,310.02,308.39,309.56,16518997,0.0,0.0,QQQ,,,,2020-12-24
312.25,313.17,310.36,312.68,22438495,0.0,0.0,QQQ,,,,2020-12-28
314.05,314.68,312.03,312.96,25845325,0.0,0.0,QQQ,,,,2020-12-29
314.16,314.49,312.33,312.97,17955471,0.0,0.0,QQQ,,,,2020-12-30
312.87,314.24,311.76,313.74,21434812,0.0,0.0,QQQ,,,,2020-12-31
315.11,315.29,305.18,309.31,45119648,0.0,0.0,QQQ,,,,2021-01-04
308.29,312.14,308.29,311.86,29138809,0.0,0.0,QQQ,,,,2021-01-05
307.0,311.88,305.98,307.54,52773622,0.0,0.0,QQQ,,,,2021-01-06
310.28,315.84,310.25,314.98,30394826,0.0,0.0,QQQ,,,,2021-01-07
317.34,319.39,315.08,319.03,33955847,0.0,0.0,QQQ,,,,2021-01-08
315.98,317.19,313.75,314.42,32858245,0.0,0.0,QQQ,,,,2021-01-11
314.46,315.58,311.2,313.92,29260762,0.0,0.0,QQQ,,,,2021-01-12
314.19,316.86,313.57,316.04,22877017,0.0,0.0,QQQ,,,,2021-01-13
316.5,317.53,313.86,314.35,23464379,0.0,0.0,QQQ,,,,2021-01-14
314.13,315.12,310.58,311.86,34952718,0.0,0.0,QQQ,,,,2021-01-15
314.25,316.93,313.12,316.41,24537049,0.0,0.0,QQQ,,,,2021-01-19
320.14,324.74,319.77,323.77,30728096,0.0,0.0,QQQ,,,,2021-01-20
325.15,327.13,323.73,326.36,25228385,0.0,0.0,QQQ,,,,2021-01-21
325.29,326.46,324.71,325.42,21604194,0.0,0.0,QQQ,,,,2021-01-22
328.91,330.32,321.41,328.11,39067144,0.0,0.0,QQQ,,,,2021-01-25
328.85,329.76,327.22,328.59,25494362,0.0,0.0,QQQ,,,,2021-01-26
326.26,326.27,317.36,319.43,55263985,0.0,0.0,QQQ,,,,2021-01-27
320.67,326.42,320.03,321.32,42650274,0.0,0.0,QQQ,,,,2021-01-28
319.58,320.72,312.76,314.56,54914918,0.0,0.0,QQQ,,,,2021-01-29
318.11,323.54,316.02,322.42,35374608,0.0,0.0,QQQ,,,,2021-02-01
325.48,328.87,325.31,327.68,33748749,0.0,0.0,QQQ,,,,2021-02-02
329.82,330.2,326.32,326.38,24777318,0.0,0.0,QQQ,,,,2021-02-03
327.82,330.33,326.46,330.24,22321847,0.0,0.0,QQQ,,,,2021-02-04
331.22,332.4,329.53,331.36,22666960,0.0,0.0,QQQ,,,,2021-02-05
333.1,333.74,331.41,333.58,20439912,0.0,0.0,QQQ,,,,2021-02-08
332.62,334.81,332.61,333.51,17553978,0.0,0.0,QQQ,,,,2021-02-09
334.99,335.46,329.5,332.75,28033780,0.0,0.0,QQQ,,,,2021-02-10
334.33,335.0,332.12,334.58,22041071,0.0,0.0,QQQ,,,,2021-02-11
333.71,336.62,332.63,336.45,20303569,0.0,0.0,QQQ,,,,2021-02-12
337.27,338.19,334.34,335.54,27071777,0.0,0.0,QQQ,,,,2021-02-16
332.47,335.66,330.17,333.93,31447456,0.0,0.0,QQQ,,,,2021-02-17
330.23,333.87,328.36,332.47,32130240,0.0,0.0,QQQ,,,,2021-02-18
333.86,333.99,329.97,331.02,39133477,0.0,0.0,QQQ,,,,2021-02-19
326.5,327.8,322.23,322.44,47240694,0.0,0.0,QQQ,,,,2021-02-22
317.0,323.2,311.0,321.48,97201736,0.0,0.0,QQQ,,,,2021-02-23
318.74,324.45,315.96,324.13,58036272,0.0,0.0,QQQ,,,,2021-02-24
321.39,324.03,311.24,312.83,110071982,0.0,0.0,QQQ,,,,2021-02-25
315.85,319.11,310.88,314.14,104673541,0.0,0.0,QQQ,,,,2021-02-26
319.27,323.94,317.94,323.59,49157768,0.0,0.0,QQQ,,,,2021-03-01
324.25,324.33,318.14,318.4,48366034,0.0,0.0,QQQ,,,,2021-03-02
317.27,318.24,309.1,309.16,86297473,0.0,0.0,QQQ,,,,2021-03-03
308.78,312.04,300.11,304.1,138953932,0.0,0.0,QQQ,,,,2021-03-04
306.8,309.61,297.45,308.68,121189626,0.0,0.0,QQQ,,,,2021-03-05
308.12,310.06,299.51,299.94,87976781,0.0,0.0,QQQ,,,,2021-03-08
307.47,313.73,306.92,311.77,80302164,0.0,0.0,QQQ,,,,2021-03-09
316.16,316.47,310.17,310.88,76767465,0.0,0.0,QQQ,,,,2021-03-10
315.77,319.86,314.85,318.04,53404804,0.0,0.0,QQQ,,,,2021-03-11
313.86,318.23,311.39,315.46,69208501,0.0,0.0,QQQ,,,,2021-03-12
315.79,319.0,314.1,318.83,43120576,0.0,0.0,QQQ,,,,2021-03-15
321.09,324.2,319.1,320.58,54862896,0.0,0.0,QQQ,,,,2021-03-16
317.45,323.85,315.68,321.9,78187729,0.0,0.0,QQQ,,,,2021-03-17
316.87,317.88,311.57,312.04,82915769,0.0,0.0,QQQ,,,,2021-03-18
311.87,314.73,309.66,313.14,78205113,0.0,0.0,QQQ,,,,2021-03-19
315.21,320.74,315.21,318.61,55914755,0.0,0.0,QQQ,,,,2021-03-22
319.73,321.09,316.38,317.22,53455411,0.0,0.0,QQQ,,,,2021-03-23
318.63,318.67,311.72,311.87,64742079,0.0,0.0,QQQ,,,,2021-03-24
309.97,312.88,307.39,311.33,78621908,0.0,0.0,QQQ,,,,2021-03-25
311.11,316.33,309.67,316.0,62909634,0.0,0.0,QQQ,,,,2021-03-26
315.45,316.99,312.47,315.91,54597463,0.0,0.0,QQQ,,,,2021-03-29
313.89,314.91,311.54,314.32,44527676,0.0,0.0,QQQ,,,,2021-03-30
316.16,320.74,315.81,319.13,55024785,0.0,0.0,QQQ,,,,2021-03-31
323.07,324.71,322.81,324.57,55607602,0.0,0.0,QQQ,,,,2021-04-01
327.13,331.84,326.88,331.05,42028475,0.0,0.0,QQQ,,,,2021-04-05
330.73,332.83,330.02,330.82,33523560,0.0,0.0,QQQ,,,,2021-04-06
330.33,332.48,329.37,331.62,31639881,0.0,0.0,QQQ,,,,2021-04-07
334.56,335.27,333.74,335.08,29921199,0.0,0.0,QQQ,,,,2021-04-08
333.68,337.32,332.92,337.11,36409961,0.0,0.0,QQQ,,,,2021-04-09
336.04,337.1,334.73,336.67,25818913,0.0,0.0,QQQ,,,,2021-04-12
338.24,341.08,338.02,340.6,30368033,0.0,0.0,QQQ,,,,2021-04-13
340.85,340.98,335.67,336.51,42564337,0.0,0.0,QQQ,,,,2021-04-14
339.47,342.01,339.33,341.61,36342821,0.0,0.0,QQQ,,,,2021-04-15
342.15,342.23,340.08,342.01,40099199,0.0,0.0,QQQ,,,,2021-04-16
340.39,341.58,336.9,338.88,34532098,0.0,0.0,QQQ,,,,2021-04-19
338.2,339.52,334.38,336.41,38081818,0.0,0.0,QQQ,,,,2021-04-20
335.09,339.48,333.97,339.29,36590282,0.0,0.0,QQQ,,,,2021-04-21
338.89,339.9,334.01,335.2,45912643,0.0,0.0,QQQ,,,,2021-04-22
335.85,340.77,335.85,339.42,36356366,0.0,0.0,QQQ,,,,2021-04-23
339.67,341.92,338.9,341.63,30803468,0.0,0.0,QQQ,,,,2021-04-26
341.93,342.15,339.17,340.15,32387183,0.0,0.0,QQQ,,,,2021-04-27
339.81,340.85,338.33,339.0,33390696,0.0,0.0,QQQ,,,,2021-04-28
342.37,342.8,336.9,340.22,37705384,0.0,0.0,QQQ,,,,2021-04-29
337.7,340.26,337.05,337.99,38174221,0.0,0.0,QQQ,,,,2021-04-30
339.23,340.0,335.73,336.19,29729730,0.0,0.0,QQQ,,,,2021-05-03
333.56,333.89,326.21,330.14,65137972,0.0,0.0,QQQ,,,,2021-05-04
332.25,333.14,328.23,329.03,46219307,0.0,0.0,QQQ,,,,2021-05-05
328.76,331.67,326.45,331.51,46803883,0.0,0.0,QQQ,,,,2021-05-06
334.37,336.65,333.06,334.2,53125720,0.0,0.0,QQQ,,,,2021-05-07
332.78,332.96,325.55,325.76,60692062,0.0,0.0,QQQ,,,,2021-05-10
319.7,326.13,319.02,325.31,71869412,0.0,0.0,QQQ,,,,2021-05-11
320.23,322.62,316.0,316.89,91135955,0.0,0.0,QQQ,,,,2021-05-12
319.92,322.4,316.9,319.34,69871165,0.0,0.0,QQQ,,,,2021-05-13
322.6,327.33,322.08,326.39,44317365,0.0,0.0,QQQ,,,,2021-05-14
324.63,326.37,321.45,324.41,39291997,0.0,0.0,QQQ,,,,2021-05-17
325.39,326.65,321.94,322.22,36520954,0.0,0.0,QQQ,,,,2021-05-18
316.66,322.9,316.3,322.59,66010508,0.0,0.0,QQQ,,,,2021-05-19
324.12,329.71,323.89,328.83,46054337,0.0,0.0,QQQ,,,,2021-05-20
330.43,330.86,326.64,327.01,50263899,0.0,0.0,QQQ,,,,2021-05-21
329.37,333.67,329.0,332.51,32408771,0.0,0.0,QQQ,,,,2021-05-24
334.07,334.81,331.76,332.97,31263389,0.0,0.0,QQQ,,,,2021-05-25
333.66,334.61,332.95,334.13,25419932,0.0,0.0,QQQ,,,,2021-05-26
333.67,334.54,332.67,332.88,27886997,0.0,0.0,QQQ,,,,2021-05-27
334.12,335.57,333.6,333.93,29927449,0.0,0.0,QQQ,,,,2021-05-28
335.3,335.78,331.43,332.82,30916778,0.0,0.0,QQQ,,,,2021-06-01
333.25,334.34,331.7,333.47,22044340,0.0,0.0,QQQ,,,,2021-06-02
330.55,331.86,328.28,330.0,36765825,0.0,0.0,QQQ,,,,2021-06-03
331.85,336.06,331.78,335.6,38697195,0.0,0.0,QQQ,,,,2021-06-04
335.05,336.66,334.34,336.6,32496902,0.0,0.0,QQQ,,,,2021-06-07
338.4,339.29,335.03,336.76,27282819,0.0,0.0,QQQ,,,,2021-06-08
338.17,338.97,336.65,336.84,21485319,0.0,0.0,QQQ,,,,2021-06-09
337.19,340.46,336.73,340.35,33702067,0.0,0.0,QQQ,,,,2021-06-10
340.36,341.25,339.69,341.24,21142830,0.0,0.0,QQQ,,,,2021-06-11
341.68,344.52,340.46,344.51,27827716,0.0,0.0,QQQ,,,,2021-06-14
344.15,344.47,341.52,342.26,35963780,0.0,0.0,QQQ,,,,2021-06-15
342.74,343.84,337.45,341.01,55354045,0.0,0.0,QQQ,,,,2021-06-16
339.97,346.38,339.92,345.34,59582100,0.0,0.0,QQQ,,,,2021-06-17
343.63,344.81,341.86,342.63,55176712,0.0,0.0,QQQ,,,,2021-06-18
342.43,344.69,340.15,344.36,32915249,0.0,0.0,QQQ,,,,2021-06-21
344.15,348.03,343.84,347.57,28833626,0.0,0.0,QQQ,,,,2021-06-22
347.51,348.92,346.88,347.74,27188454,0.0,0.0,QQQ,,,,2021-06-23
349.73,351.46,349.17,349.89,32565105,0.0,0.0,QQQ,,,,2021-06-24
350.47,350.72,348.84,349.46,28646601,0.0,0.0,QQQ,,,,2021-06-25
350.78,353.85,350.72,353.71,39130305,0.0,0.0,QQQ,,,,2021-06-28
353.53,355.02,352.67,354.99,29426039,0.0,0.0,QQQ,,,,2021-06-29
354.83,355.23,353.83,354.43,32723964,0.0,0.0,QQQ,,,,2021-06-30
354.07,355.09,352.68,354.57,29262128,0.0,0.0,QQQ,,,,2021-07-01
356.52,358.97,356.28,358.64,32727244,0.0,0.0,QQQ,,,,2021-07-02
359.26,360.48,356.49,360.19,38842394,0.0,0.0,QQQ,,,,2021-07-06
362.45,362.76,358.94,360.95,35249642,0.0,0.0,QQQ,,,,2021-07-07
355.74,359.65,354.42,358.77,50676771,0.0,0.0,QQQ,,,,2021-07-08
358.17,361.5,357.57,361.01,35184534,0.0,0.0,QQQ,,,,2021-07-09
362.45,362.89,360.83,362.42,25690477,0.0,0.0,QQQ,,,,2021-07-12
362.03,365.46,361.54,362.42,39655565,0.0,0.0,QQQ,,,,2021-07-13
364.83,365.49,362.22,363.07,34856350,0.0,0.0,QQQ,,,,2021-07-14
362.98,363.19,358.46,360.52,53354057,0.0,0.0,QQQ,,,,2021-07-15
361.4,362.41,357.24,357.6,46803811,0.0,0.0,QQQ,,,,2021-07-16
354.05,355.18,352.04,354.67,64277525,0.0,0.0,QQQ,,,,2021-07-19
355.63,360.28,353.8,358.79,42134202,0.0,0.0,QQQ,,,,2021-07-20
358.35,361.56,358.12,361.56,30259860,0.0,0.0,QQQ,,,,2021-07-21
361.77,363.96,361.77,363.95,30124140,0.0,0.0,QQQ,,,,2021-07-22
365.31,368.48,363.92,368.2,31828799,0.0,0.0,QQQ,,,,2021-07-23
367.49,368.89,366.6,368.49,28298125,0.0,0.0,QQQ,,,,2021-07-26
368.22,368.22,360.16,364.43,57684648,0.0,0.0,QQQ,,,,2021-07-27
365.6,367.45,363.24,365.83,41966195,0.0,0.0,QQQ,,,,2021-07-28
365.25,367.68,365.25,366.48,25618533,0.0,0.0,QQQ,,,,2021-07-29
362.44,365.17,362.41,364.57,36484649,0.0,0.0,QQQ,,,,2021-07-30
366.28,366.88,363.87,364.6,27323597,0.0,0.0,QQQ,,,,2021-08-02
365.28,366.93,362.0,366.81,35468511,0.0,0.0,QQQ,,,,2021-08-03
366.77,368.32,365.63,367.34,29602236,0.0,0.0,QQQ,,,,2021-08-04
368.18,369.91,367.45,369.67,21438675,0.0,0.0,QQQ,,,,2021-08-05
368.37,369.37,366.9,368.05,32543206,0.0,0.0,QQQ,,,,2021-08-06
368.52,369.27,367.39,368.73,25959984,0.0,0.0,QQQ,,,,2021-08-09
369.26,369.56,365.62,366.84,35130796,0.0,0.0,QQQ,,,,2021-08-10
368.14,368.65,364.84,366.21,34249812,0.0,0.0,QQQ,,,,2021-08-11
365.69,367.9,364.3,367.53,25634877,0.0,0.0,QQQ,,,,2021-08-12
367.89,369.16,367.38,368.82,19185740,0.0,0.0,QQQ,,,,2021-08-13
367.67,369.02,363.7,368.98,35044107,0.0,0.0,QQQ,,,,2021-08-16
366.15,367.15,363.23,365.73,44745452,0.0,0.0,QQQ,,,,2021-08-17
365.18,366.62,361.86,362.21,38512140,0.0,0.0,QQQ,,,,2021-08-18
360.22,365.68,359.96,363.96,48499368,0.0,0.0,QQQ,,,,2021-08-19
365.06,368.14,364.74,367.73,39309834,0.0,0.0,QQQ,,,,2021-08-20
368.8,373.94,368.79,373.23,33974744,0.0,0.0,QQQ,,,,2021-08-23
373.84,374.99,373.36,374.37,21729663,0.0,0.0,QQQ,,,,2021-08-24
374.63,375.39,373.86,374.8,20441880,0.0,0.0,QQQ,,,,2021-08-25
373.92,374.62,371.97,372.42,28882325,0.0,0.0,QQQ,,,,2021-08-26
373.07,376.56,372.57,376.04,27091549,0.0,0.0,QQQ,,,,2021-08-27
376.85,380.76,376.83,380.26,27286465,0.0,0.0,QQQ,,,,2021-08-30
380.51,380.58,378.36,379.95,29618975,0.0,0.0,QQQ,,,,2021-08-31
381.04,382.71,380.37,380.58,28125611,0.0,0.0,QQQ,,,,2021-09-01
381.97,382.31,379.15,380.4,25398535,0.0,0.0,QQQ,,,,2021-09-02
379.22,381.98,379.2,381.57,24394937,0.0,0.0,QQQ,,,,2021-09-03
381.68,382.78,380.49,382.11,24285573,0.0,0.0,QQQ,,,,2021-09-07
381.93,381.93,378.45,380.78,32699159,0.0,0.0,QQQ,,,,2021-09-08
381.01,382.15,379.22,379.47,29397578,0.0,0.0,QQQ,,,,2021-09-09
381.23,381.97,376.24,376.59,40235505,0.0,0.0,QQQ,,,,2021-09-10
378.99,379.43,374.22,376.33,49795907,0.0,0.0,QQQ,,,,2021-09-13
377.86,378.61,374.28,375.26,42891984,0.0,0.0,QQQ,,,,2021-09-14
375.73,378.41,373.37,378.05,34798442,0.0,0.0,QQQ,,,,2021-09-15
376.68,378.9,374.7,378.31,35132243,0.0,0.0,QQQ,,,,2021-09-16
377.82,377.87,372.76,373.83,60852017,0.0,0.0,QQQ,,,,2021-09-17
367.46,369.25,360.93,365.7,75914939,0.0,0.0,QQQ,,,,2021-09-20
367.58,368.81,364.99,366.15,41795483,0.0,0.0,QQQ,,,,2021-09-21
367.09,371.07,365.96,369.57,46959420,0.0,0.0,QQQ,,,,2021-09-22
370.76,374.04,370.1,372.98,44627002,0.0,0.0,QQQ,,,,2021-09-23
370.65,373.76,370.27,373.33,35722550,0.0,0.0,QQQ,,,,2021-09-24
370.2,371.25,367.73,370.35,43053079,0.0,0.0,QQQ,,,,2021-09-27
365.67,370.3,359.35,359.87,97687632,0.0,0.0,QQQ,,,,2021-09-28
361.17,363.37,358.64,359.28,58069549,0.0,0.0,QQQ,,,,2021-09-29
360.97,362.68,357.1,357.96,62908591,0.0,0.0,QQQ,,,,2021-09-30
358.6,361.25,354.38,360.18,56342058,0.0,0.0,QQQ,,,,2021-10-01
358.52,358.86,350.32,352.62,76610805,0.0,0.0,QQQ,,,,2021-10-04
353.71,359.69,353.48,357.38,46934904,0.0,0.0,QQQ,,,,2021-10-05
354.08,359.95,353.15,359.67,56790751,0.0,0.0,QQQ,,,,2021-10-06
362.8,365.69,362.25,362.97,39289172,0.0,0.0,QQQ,,,,2021-10-07
364.08,364.32,360.61,361.16,42701615,0.0,0.0,QQQ,,,,2021-10-08
359.58,363.2,358.3,358.39,34835182,0.0,0.0,QQQ,,,,2021-10-11
359.88,360.33,356.48,357.14,43679451,0.0,0.0,QQQ,,,,2021-10-12
359.51,360.69,357.43,360.0,39983795,0.0,0.0,QQQ,,,,2021-10-13
363.69,366.85,363.01,366.63,43200717,0.0,0.0,QQQ,,,,2021-10-14
367.88,369.06,366.82,368.94,40379978,0.0,0.0,QQQ,,,,2021-10-15
367.61,372.87,366.99,372.65,34270514,0.0,0.0,QQQ,,,,2021-10-18
373.75,375.52,372.7,375.47,29031763,0.0,0.0,QQQ,,,,2021-10-19
375.94,376.56,373.46,374.98,31365337,0.0,0.0,QQQ,,,,2021-10-20
374.16,377.47,373.85,377.27,25365277,0.0,0.0,QQQ,,,,2021-10-21
375.98,376.97,372.38,374.1,36275822,0.0,0.0,QQQ,,,,2021-10-22
375.56,378.87,373.56,377.93,32332404,0.0,0.0,QQQ,,,,2021-10-25
380.23,382.71,377.9,379.12,47171279,0.0,0.0,QQQ,,,,2021-10-26
379.58,383.15,379.31,380.0,45710196,0.0,0.0,QQQ,,,,2021-10-27
381.95,384.48,381.16,384.22,38007005,0.0,0.0,QQQ,,,,2021-10-28
381.06,386.28,380.7,386.11,37310116,0.0,0.0,QQQ,,,,2021-10-29
386.56,387.56,384.42,387.43,30765303,0.0,0.0,QQQ,,,,2021-11-01
386.8,389.54,386.75,389.05,25126292,0.0,0.0,QQQ,,,,2021-11-02
389.55,393.61,388.48,393.18,33668400,0.0,0.0,QQQ,,,,2021-11-03
394.48,399.2,393.92,398.22,40162813,0.0,0.0,QQQ,,,,2021-11-04
400.04,400.99,397.16,398.6,43186302,0.0,0.0,QQQ,,,,2021-11-05
398.57,399.62,397.4,398.06,29008620,0.0,0.0,QQQ,,,,2021-11-08
399.16,399.57,393.92,395.32,50470720,0.0,0.0,QQQ,,,,2021-11-09
392.47,395.36,387.53,389.51,54937346,0.0,0.0,QQQ,,,,2021-11-10
392.57,392.75,390.24,390.59,32242983,0.0,0.0,QQQ,,,,2021-11-11
391.77,395.25,390.13,394.7,34653964,0.0,0.0,QQQ,,,,2021-11-12
395.91,396.24,392.1,394.61,33694361,0.0,0.0,QQQ,,,,2021-11-15
393.86,397.93,393.66,397.42,27222940,0.0,0.0,QQQ,,,,2021-11-16
397.75,399.72,396.64,397.63,28542163,0.0,0.0,QQQ,,,,2021-11-17
399.73,402.27,397.45,401.75,45706515,0.0,0.0,QQQ,,,,2021-11-18
403.43,405.3,402.58,403.99,45043771,0.0,0.0,QQQ,,,,2021-11-19
405.57,408.71,399.19,399.3,61619470,0.0,0.0,QQQ,,,,2021-11-22
398.11,400.23,392.92,397.48,69878785,0.0,0.0,QQQ,,,,2021-11-23
394.93,399.05,392.54,398.76,46954382,0.0,0.0,QQQ,,,,2021-11-24
396.11,397.54,389.77,391.2,51429314,0.0,0.0,QQQ,,,,2021-11-26
395.89,400.73,395.14,399.69,54326706,0.0,0.0,QQQ,,,,2021-11-29
398.78,401.19,391.75,393.82,81160213,0.0,0.0,QQQ,,,,2021-11-30
398.28,400.48,386.64,387.12,78309545,0.0,0.0,QQQ,,,,2021-12-01
385.8,391.74,384.34,389.91,84396573,0.0,0.0,QQQ,,,,2021-12-02
391.31,392.34,378.9,383.13,105298204,0.0,0.0,QQQ,,,,2021-12-03
383.63,387.6,379.3,386.2,67332301,0.0,0.0,QQQ,,,,2021-12-06
393.03,398.46,392.99,397.83,55731264,0.0,0.0,QQQ,,,,2021-12-07
398.17,399.82,396.22,399.61,39204041,0.0,0.0,QQQ,,,,2021-12-08
398.35,400.2,393.53,393.73,49954464,0.0,0.0,QQQ,,,,2021-12-09
396.62,398.28,393.36,398.01,52269223,0.0,0.0,QQQ,,,,2021-12-10
398.0,398.32,391.88,392.26,50166410,0.0,0.0,QQQ,,,,2021-12-13
387.3,390.09,383.63,388.2,75199181,0.0,0.0,QQQ,,,,2021-12-14
387.94,397.42,383.88,397.05,73845778,0.0,0.0,QQQ,,,,2021-12-15
398.04,398.48,385.21,386.84,82534868,0.0,0.0,QQQ,,,,2021-12-16
383.33,389.19,381.77,384.91,81542448,0.0,0.0,QQQ,,,,2021-12-17
379.56,381.5,377.47,380.69,65085226,0.0,0.0,QQQ,,,,2021-12-20
384.05,389.53,380.2,389.21,48442377,0.0,0.0,QQQ,,,,2021-12-21
388.91,394.16,388.23,393.95,37030950,0.0,0.0,QQQ,,,,2021-12-22
394.31,398.42,394.14,396.92,29515936,0.0,0.0,QQQ,,,,2021-12-23
398.25,403.48,398.22,403.48,32820705,0.0,0.0,QQQ,,,,2021-12-27
404.4,404.58,400.71,401.61,33113728,0.0,0.0,QQQ,,,,2021-12-28
401.75,403.05,399.11,401.55,32248484,0.0,0.0,QQQ,,,,2021-12-29
401.33,403.57,399.75,400.35,23826215,0.0,0.0,QQQ,,,,2021-12-30
399.66,401.06,397.34,397.85,34642134,0.0,0.0,QQQ,,,,2021-12-31
399.05,401.94,396.88,401.68,40541654,0.0,0.0,QQQ,,,,2022-01-03
402.24,402.28,393.29,396.47,57998606,0.0,0.0,QQQ,,,,2022-01-04
394.74,395.89,384.03,384.29,75647647,0.0,0.0,QQQ,,,,2022-01-05
382.42,387.35,380.13,384.02,70606324,0.0,0.0,QQQ,,,,2022-01-06
384.03,385.76,378.04,379.86,72616164,0.0,0.0,QQQ,,,,2022-01-07
374.82,380.64,369.31,380.11,91690995,0.0,0.0,QQQ,,,,2022-01-10
379.36,385.99,377.22,385.82,68160698,0.0,0.0,QQQ,,,,2022-01-11
388.46,390.2,385.01,387.35,54544566,0.0,0.0,QQQ,,,,2022-01-12
388.77,389.47,376.7,377.66,77978962,0.0,0.0,QQQ,,,,2022-01-13
375.07,380.35,374.86,380.01,80081709,0.0,0.0,QQQ,,,,2022-01-14
374.04,376.22,369.77,370.55,75442841,0.0,0.0,QQQ,,,,2022-01-18
372.15,374.69,366.21,366.48,81410082,0.0,0.0,QQQ,,,,2022-01-19
369.79,373.87,361.17,361.72,88553514,0.0,0.0,QQQ,,,,2022-01-20
359.47,362.18,351.4,351.69,143333420,0.0,0.0,QQQ,,,,2022-01-21
345.9,353.98,334.15,353.3,199382109,0.0,0.0,QQQ,,,,2022-01-24
346.67,351.03,341.68,345.11,124304564,0.0,0.0,QQQ,,,,2022-01-25
352.91,356.88,340.78,344.57,146507024,0.0,0.0,QQQ,,,,2022-01-26
349.4,351.27,340.05,341.1,95177356,0.0,0.0,QQQ,,,,2022-01-27
343.03,352.02,337.95,351.8,107867897,0.0,0.0,QQQ,,,,2022-01-28
353.2,363.65,351.52,363.05,94164389,0.0,0.0,QQQ,,,,2022-01-31
364.43,366.19,359.14,365.52,74386923,0.0,0.0,QQQ,,,,2022-02-01
369.76,370.1,364.28,368.49,78489135,0.0,0.0,QQQ,,,,2022-02-02
358.53,361.93,352.46,353.55,95328621,0.0,0.0,QQQ,,,,2022-02-03
354.08,361.4,351.97,358.01,86216601,0.0,0.0,QQQ,,,,2022-02-04
358.62,361.05,353.84,355.13,58146087,0.0,0.0,QQQ,,,,2022-02-07
353.96,360.24,352.8,359.12,64642677,0.0,0.0,QQQ,,,,2022-02-08
363.76,366.81,362.12,366.73,55766422,0.0,0.0,QQQ,,,,2022-02-09
359.52,366.49,356.54,358.43,112276783,0.0,0.0,QQQ,,,,2022-02-10
358.43,360.07,345.8,347.06,101569102,0.0,0.0,QQQ,,,,2022-02-11
346.49,350.98,343.89,347.49,80206439,0.0,0.0,QQQ,,,,2022-02-14
352.91,356.37,351.82,356.13,55366054,0.0,0.0,QQQ,,,,2022-02-15
353.82,357.09,350.71,356.04,58905086,0.0,0.0,QQQ,,,,2022-02-16
352.74,353.46,345.02,345.45,61730603,0.0,0.0,QQQ,,,,2022-02-17
346.41,346.81,339.14,341.51,79913213,0.0,0.0,QQQ,,,,2022-02-18
338.49,344.04,334.35,338.08,85925095,0.0,0.0,QQQ,,,,2022-02-22
341.32,342.18,329.1,329.42,86099171,0.0,0.0,QQQ,,,,2022-02-23
318.84,341.04,318.26,340.49,129846553,0.0,0.0,QQQ,,,,2022-02-24
341.31,345.98,337.39,345.77,78738588,0.0,0.0,QQQ,,,,2022-02-25
342.51,348.54,341.32,346.8,77426994,0.0,0.0,QQQ,,,,2022-02-28
345.75,348.08,338.9,341.49,67407000,0.0,0.0,QQQ,,,,2022-03-01
343.08,348.59,340.24,347.22,70609015,0.0,0.0,QQQ,,,,2022-03-02
349.93,350.04,340.35,342.26,71053135,0.0,0.0,QQQ,,,,2022-03-03
339.84,341.31,334.92,337.3,76961263,0.0,0.0,QQQ,,,,2022-03-04
337.29,338.48,324.65,324.86,89907794,0.0,0.0,QQQ,,,,2022-03-07
324.05,333.21,319.94,323.35,116031921,0.0,0.0,QQQ,,,,2022-03-08
331.75,336.38,329.09,334.99,64723366,0.0,0.0,QQQ,,,,2022-03-09
330.82,332.51,326.71,331.27,69320714,0.0,0.0,QQQ,,,,2022-03-10
334.32,334.64,323.9,324.4,66228432,0.0,0.0,QQQ,,,,2022-03-11
323.13,326.59,317.45,318.17,79497206,0.0,0.0,QQQ,,,,2022-03-14
320.88,328.95,319.23,328.15,76344991,0.0,0.0,QQQ,,,,2022-03-15
332.17,340.44,328.4,340.32,105033454,0.0,0.0,QQQ,,,,2022-03-16
338.37,344.5,337.04,344.44,66747301,0.0,0.0,QQQ,,,,2022-03-17
342.74,351.79,341.55,351.49,85071347,0.0,0.0,QQQ,,,,2022-03-18
350.2,352.48,345.58,350.08,73799072,0.0,0.0,QQQ,,,,2022-03-21
350.59,357.85,350.2,356.96,63175928,0.0,0.0,QQQ,,,,2022-03-22
354.01,357.66,351.77,351.83,70353024,0.0,0.0,QQQ,,,,2022-03-23
353.8,359.7,351.59,359.65,53539251,0.0,0.0,QQQ,,,,2022-03-24
359.59,360.67,354.94,359.35,57512158,0.0,0.0,QQQ,,,,2022-03-25
359.34,365.01,358.07,364.91,56631466,0.0,0.0,QQQ,,,,2022-03-28
368.9,371.83,366.06,371.19,67887955,0.0,0.0,QQQ,,,,2022-03-29
369.28,370.98,365.57,367.09,68757710,0.0,0.0,QQQ,,,,2022-03-30
367.24,367.6,361.68,362.54,67011405,0.0,0.0,QQQ,,,,2022-03-31
362.81,363.61,358.59,361.85,54384647,0.0,0.0,QQQ,,,,2022-04-01
362.71,369.31,362.44,369.3,45908171,0.0,0.0,QQQ,,,,2022-04-04
367.81,368.54,359.93,361.1,62738661,0.0,0.0,QQQ,,,,2022-04-05
355.65,356.78,350.56,353.26,90028072,0.0,0.0,QQQ,,,,2022-04-06
352.24,356.35,348.69,354.1,63745473,0.0,0.0,QQQ,,,,2022-04-07
352.32,353.09,348.5,349.15,61845494,0.0,0.0,QQQ,,,,2022-04-08
344.81,345.75,340.54,340.89,65961301,0.0,0.0,QQQ,,,,2022-04-11
345.76,347.69,338.04,339.45,72776565,0.0,0.0,QQQ,,,,2022-04-12
339.8,347.43,339.06,346.35,61139255,0.0,0.0,QQQ,,,,2022-04-13
346.44,346.97,338.21,338.43,73095267,0.0,0.0,QQQ,,,,2022-04-14
337.35,341.04,335.79,338.69,58514955,0.0,0.0,QQQ,,,,2022-04-18
338.03,346.85,336.98,346.26,56515684,0.0,0.0,QQQ,,,,2022-04-19
347.09,347.56,339.96,341.21,65349522,0.0,0.0,QQQ,,,,2022-04-20
345.19,347.87,333.2,334.15,75723308,0.0,0.0,QQQ,,,,2022-04-21
334.31,335.56,324.96,325.4,82562145,0.0,0.0,QQQ,,,,2022-04-22
323.73,329.9,322.43,329.58,101655856,0.0,0.0,QQQ,,,,2022-04-25
327.47,327.66,316.86,317.14,105807329,0.0,0.0,QQQ,,,,2022-04-26
317.24,322.88,315.0,316.76,111204164,0.0,0.0,QQQ,,,,2022-04-27
321.85,329.89,317.52,328.01,98961757,0.0,0.0,QQQ,,,,2022-04-28
323.7,327.23,312.6,313.25,91950859,0.0,0.0,QQQ,,,,2022-04-29
312.83,318.72,309.64,318.48,114629370,0.0,0.0,QQQ,,,,2022-05-02
318.5,321.17,315.98,318.82,78168667,0.0,0.0,QQQ,,,,2022-05-03
319.31,330.29,313.89,329.6,116016395,0.0,0.0,QQQ,,,,2022-05-04
325.17,325.25,309.62,313.0,153474947,0.0,0.0,QQQ,,,,2022-05-05
310.95,315.09,305.1,309.25,138836955,0.0,0.0,QQQ,,,,2022-05-06
303.48,309.35,295.72,297.15,112665642,0.0,0.0,QQQ,,,,2022-05-09
304.51,305.76,296.57,300.76,124041800,0.0,0.0,QQQ,,,,2022-05-10
298.44,304.09,290.95,291.84,139607898,0.0,0.0,QQQ,,,,2022-05-11
287.45,295.75,284.94,291.15,120534650,0.0,0.0,QQQ,,,,2022-05-12
295.72,303.0,294.08,301.94,83656711,0.0,0.0,QQQ,,,,2022-05-13
300.15,302.26,297.13,298.44,59050432,0.0,0.0,QQQ,,,,2022-05-16
304.45,306.56,300.55,306.17,62406293,0.0,0.0,QQQ,,,,2022-05-17
301.54,302.25,289.85,291.14,79138709,0.0,0.0,QQQ,,,,2022-05-18
289.29,294.39,287.58,289.58,79884709,0.0,0.0,QQQ,,,,2022-05-19
293.13,293.8,280.21,288.68,91509174,0.0,0.0,QQQ,,,,2022-05-20
289.75,293.87,287.29,293.48,63494400,0.0,0.0,QQQ,,,,2022-05-23
288.12,288.86,282.25,287.24,73446323,0.0,0.0,QQQ,,,,2022-05-24
285.71,293.39,285.5,291.26,66846348,0.0,0.0,QQQ,,,,2022-05-25
290.44,300.92,290.15,299.33,59402781,0.0,0.0,QQQ,,,,2022-05-26
302.54,309.25,302.42,309.1,66992203,0.0,0.0,QQQ,,,,2022-05-27
309.07,311.33,304.33,308.28,60968330,0.0,0.0,QQQ,,,,2022-05-31
310.47,312.65,303.73,306.0,65302553,0.0,0.0,QQQ,,,,2022-06-01
304.85,314.56,303.4,314.38,59291333,0.0,0.0,QQQ,,,,2022-06-02
309.03,310.47,304.92,306.2,60812184,0.0,0.0,QQQ,,,,2022-06-03
310.75,312.35,305.62,307.22,50885013,0.0,0.0,QQQ,,,,2022-06-06
303.81,310.67,302.69,309.87,44900292,0.0,0.0,QQQ,,,,2022-06-07
309.05,311.72,306.77,307.64,38276962,0.0,0.0,QQQ,,,,2022-06-08
305.91,309.05,299.23,299.4,55855475,0.0,0.0,QQQ,,,,2022-06-09
293.65,294.87,288.38,288.84,85101856,0.0,0.0,QQQ,,,,2022-06-10
279.75,282.34,274.53,275.41,94326259,0.0,0.0,QQQ,,,,2022-06-13
277.66,278.66,273.34,275.91,64695921,0.0,0.0,QQQ,,,,2022-06-14
279.42,286.83,276.61,282.8,85983428,0.0,0.0,QQQ,,,,2022-06-15
275.59,276.06,269.28,271.39,81806131,0.0,0.0,QQQ,,,,2022-06-16
272.18,277.19,270.51,274.69,82615402,0.0,0.0,QQQ,,,,2022-06-17
278.75,283.45,278.64,281.08,51505341,0.0,0.0,QQQ,,,,2022-06-21
278.52,285.18,277.91,280.67,67472924,0.0,0.0,QQQ,,,,2022-06-22
283.21,285.72,280.31,284.85,57423796,0.0,0.0,QQQ,,,,2022-06-23
287.74,295.04,287.5,294.61,58414762,0.0,0.0,QQQ,,,,2022-06-24
296.0,296.58,291.29,292.45,53829252,0.0,0.0,QQQ,,,,2022-06-27
293.0,295.65,283.35,283.54,61801810,0.0,0.0,QQQ,,,,2022-06-28
283.4,285.34,280.84,283.8,57052726,0.0,0.0,QQQ,,,,2022-06-29
280.75,283.94,275.78,280.28,79109580,0.0,0.0,QQQ,,,,2022-06-30
278.95,282.53,277.03,282.13,56486905,0.0,0.0,QQQ,,,,2022-07-01
278.31,287.08,276.75,286.96,61487272,0.0,0.0,QQQ,,,,2022-07-05
287.35,290.95,285.59,288.8,63154715,0.0,0.0,QQQ,,,,2022-07-06
289.63,295.7,289.63,294.98,56319964,0.0,0.0,QQQ,,,,2022-07-07
292.08,296.75,291.12,295.35,59889978,0.0,0.0,QQQ,,,,2022-07-08
292.88,293.11,288.14,289.04,55065180,0.0,0.0,QQQ,,,,2022-07-11
290.32,292.28,284.61,286.24,55410788,0.0,0.0,QQQ,,,,2022-07-12
280.6,288.05,280.02,285.65,73869968,0.0,0.0,QQQ,,,,2022-07-13
282.99,287.56,279.8,286.67,63130937,0.0,0.0,QQQ,,,,2022-07-14
289.73,291.98,288.08,291.87,63613949,0.0,0.0,QQQ,,,,2022-07-15
294.72,296.16,288.2,289.4,58833331,0.0,0.0,QQQ,,,,2022-07-18
293.11,298.6,291.47,298.3,54574890,0.0,0.0,QQQ,,,,2022-07-19
298.73,304.24,297.93,303.03,67252330,0.0,0.0,QQQ,,,,2022-07-20
303.5,307.44,300.78,307.38,55041613,0.0,0.0,QQQ,,,,2022-07-21
306.43,308.55,300.12,301.99,57127714,0.0,0.0,QQQ,,,,2022-07-22
302.02,302.5,298.22,300.27,40542131,0.0,0.0,QQQ,,,,2022-07-25
298.53,298.79,293.54,294.37,50062122,0.0,0.0,QQQ,,,,2022-07-26
299.04,308.54,298.46,306.81,69295564,0.0,0.0,QQQ,,,,2022-07-27
306.59,310.4,302.74,309.81,55008941,0.0,0.0,QQQ,,,,2022-07-28
311.38,316.39,309.93,315.46,57243343,0.0,0.0,QQQ,,,,2022-07-29
313.65,318.81,312.53,315.27,46358833,0.0,0.0,QQQ,,,,2022-08-01
312.92,318.54,311.84,314.33,48586501,0.0,0.0,QQQ,,,,2022-08-02
316.05,323.73,315.99,322.89,53659849,0.0,0.0,QQQ,,,,2022-08-03
322.97,324.72,320.77,324.4,38973659,0.0,0.0,QQQ,,,,2022-08-04
319.19,323.83,318.39,321.75,53893972,0.0,0.0,QQQ,,,,2022-08-05
322.69,326.47,319.21,320.71,44051297,0.0,0.0,QQQ,,,,2022-08-08
318.77,319.03,315.42,317.08,39666720,0.0,0.0,QQQ,,,,2022-08-09
324.59,326.23,322.06,325.93,51409564,0.0,0.0,QQQ,,,,2022-08-10
328.3,330.36,323.36,324.08,45841650,0.0,0.0,QQQ,,,,2022-08-11
326.18,330.58,325.1,330.39,40602879,0.0,0.0,QQQ,,,,2022-08-12
329.42,333.57,329.4,333.06,37691014,0.0,0.0,QQQ,,,,2022-08-15
332.06,334.42,329.16,332.28,41088114,0.0,0.0,QQQ,,,,2022-08-16
329.07,331.43,326.36,328.49,47793655,0.0,0.0,QQQ,,,,2022-08-17
328.44,330.49,326.79,329.28,41251672,0.0,0.0,QQQ,,,,2022-08-18
326.17,326.84,322.08,322.86,51770570,0.0,0.0,QQQ,,,,2022-08-19
318.5,318.74,313.53,314.36,50851890,0.0,0.0,QQQ,,,,2022-08-22
314.12,317.0,313.33,314.1,39497074,0.0,0.0,QQQ,,,,2022-08-23
313.61,316.87,312.99,315.01,38034359,0.0,0.0,QQQ,,,,2022-08-24
316.83,320.6,315.76,320.58,37618255,0.0,0.0,QQQ,,,,2022-08-25
320.28,321.51,307.35,307.44,69034840,0.0,0.0,QQQ,,,,2022-08-26
304.62,307.22,303.28,304.41,48034051,0.0,0.0,QQQ,,,,2022-08-29
306.1,306.73,298.44,301.02,51130500,0.0,0.0,QQQ,,,,2022-08-30
303.99,304.91,299.16,299.27,49029441,0.0,0.0,QQQ,,,,2022-08-31
296.72,299.78,292.95,299.4,57922845,0.0,0.0,QQQ,,,,2022-09-01
302.34,303.75,293.52,295.17,64666339,0.0,0.0,QQQ,,,,2022-09-02
295.66,296.6,290.87,293.05,56989394,0.0,0.0,QQQ,,,,2022-09-06
293.54,299.99,293.27,298.97,49220381,0.0,0.0,QQQ,,,,2022-09-07
296.85,301.87,295.45,300.52,55465321,0.0,0.0,QQQ,,,,2022-09-08
302.83,307.6,300.52,307.09,55451515,0.0,0.0,QQQ,,,,2022-09-09
308.5,311.08,308.18,310.74,45359137,0.0,0.0,QQQ,,,,2022-09-12
301.8,303.02,292.79,293.7,79522172,0.0,0.0,QQQ,,,,2022-09-13
294.86,296.93,293.06,296.03,54853548,0.0,0.0,QQQ,,,,2022-09-14
294.07,296.53,289.46,291.1,65044911,0.0,0.0,QQQ,,,,2022-09-15
287.72,289.72,285.62,289.32,79920391,0.0,0.0,QQQ,,,,2022-09-16
286.1,291.21,286.04,291.05,52083531,0.0,0.0,QQQ,,,,2022-09-19
288.49,291.07,286.38,288.73,50902117,0.0,0.0,QQQ,,,,2022-09-20
289.59,293.95,283.42,283.56,82723223,0.0,0.0,QQQ,,,,2022-09-21
282.0,283.03,278.82,280.07,62757073,0.0,0.0,QQQ,,,,2022-09-22
277.55,277.85,272.02,275.51,74344189,0.0,0.0,QQQ,,,,2022-09-23
275.03,279.49,273.56,274.37,70536194,0.0,0.0,QQQ,,,,2022-09-26
277.81,280.21,272.11,274.48,69559615,0.0,0.0,QQQ,,,,2022-09-27
274.46,281.25,272.94,279.94,79625140,0.0,0.0,QQQ,,,,2022-09-28
275.86,276.25,268.84,271.87,81215957,0.0,0.0,QQQ,,,,2022-09-29
271.03,275.19,267.1,267.26,78248928,0.0,0.0,QQQ,,,,2022-09-30
269.07,275.16,267.53,273.53,60854449,0.0,0.0,QQQ,,,,2022-10-03
278.99,282.85,278.99,282.13,66690931,0.0,0.0,QQQ,,,,2022-10-04
278.28,283.81,275.42,281.98,55761818,0.0,0.0,QQQ,,,,2022-10-05
280.96,284.18,279.43,279.76,53237411,0.0,0.0,QQQ,,,,2022-10-06
275.02,275.15,267.74,269.1,71354674,0.0,0.0,QQQ,,,,2022-10-07
269.3,269.7,263.64,266.41,60159990,0.0,0.0,QQQ,,,,2022-10-10
264.7,267.63,261.03,262.75,66476709,0.0,0.0,QQQ,,,,2022-10-11
263.4,265.36,261.95,262.66,50580179,0.0,0.0,QQQ,,,,2022-10-12
255.16,270.17,254.26,268.82,112892818,0.0,0.0,QQQ,,,,2022-10-13
271.2,271.81,260.14,260.74,77087702,0.0,0.0,QQQ,,,,2022-10-14
266.84,270.24,266.74,269.35,64576452,0.0,0.0,QQQ,,,,2022-10-17
276.53,277.21,268.74,271.48,69780995,0.0,0.0,QQQ,,,,2022-10-18
269.93,273.68,268.07,270.49,52701455,0.0,0.0,QQQ,,,,2022-10-19
269.58,274.84,267.92,269.11,60605496,0.0,0.0,QQQ,,,,2022-10-20
267.98,275.97,266.82,275.42,77866694,0.0,0.0,QQQ,,,,2022-10-21
275.69,279.4,271.97,278.45,63963569,0.0,0.0,QQQ,,,,2022-10-24
279.41,284.6,277.9,284.21,59012394,0.0,0.0,QQQ,,,,2022-10-25
278.46,283.98,277.43,277.93,63672246,0.0,0.0,QQQ,,,,2022-10-26
276.79,278.28,272.34,272.87,57642502,0.0,0.0,QQQ,,,,2022-10-27
272.23,281.7,272.06,281.22,62632312,0.0,0.0,QQQ,,,,2022-10-28
278.92,279.76,275.99,277.95,47415170,0.0,0.0,QQQ,,,,2022-10-31
281.5,282.07,274.74,275.11,45895897,0.0,0.0,QQQ,,,,2022-11-01
275.08,278.21,265.61,265.68,79793542,0.0,0.0,QQQ,,,,2022-11-02
263.01,264.5,260.1,260.49,70008903,0.0,0.0,QQQ,,,,2022-11-03
265.53,266.61,259.08,264.68,78087113,0.0,0.0,QQQ,,,,2022-11-04
265.75,268.14,263.57,267.59,47033828,0.0,0.0,QQQ,,,,2022-11-07
269.14,272.85,265.52,269.54,63159235,0.0,0.0,QQQ,,,,2022-11-08
267.76,268.56,263.03,263.32,64852563,0.0,0.0,QQQ,,,,2022-11-09
276.01,283.05,273.85,282.75,99256693,0.0,0.0,QQQ,,,,2022-11-10
282.56,288.64,281.19,287.96,66880251,0.0,0.0,QQQ,,,,2022-11-11
285.86,289.21,284.44,285.44,55078548,0.0,0.0,QQQ,,,,2022-11-14
292.21,293.26,285.97,289.39,73924572,0.0,0.0,QQQ,,,,2022-11-15
287.39,289.48,284.6,285.44,48477184,0.0,0.0,QQQ,,,,2022-11-16
280.88,286.32,280.72,284.81,54801576,0.0,0.0,QQQ,,,,2022-11-17
287.89,287.99,282.32,284.82,53358612,0.0,0.0,QQQ,,,,2022-11-18
283.4,284.58,281.04,281.89,39742527,0.0,0.0,QQQ,,,,2022-11-21
282.64,286.11,280.46,285.95,41743694,0.0,0.0,QQQ,,,,2022-11-22
285.97,289.46,285.79,288.82,46224417,0.0,0.0,QQQ,,,,2022-11-23
287.19,287.91,286.42,286.92,15355997,0.0,0.0,QQQ,,,,2022-11-25
284.9,286.96,281.76,282.71,38721345,0.0,0.0,QQQ,,,,2022-11-28
282.94,283.35,279.17,280.57,35599078,0.0,0.0,QQQ,,,,2022-11-29
280.84,293.47,279.97,293.36,74634788,0.0,0.0,QQQ,,,,2022-11-30
293.69,295.75,290.88,293.72,51494132,0.0,0.0,QQQ,,,,2022-12-01
288.54,293.45,288.36,292.55,53340172,0.0,0.0,QQQ,,,,2022-12-02
290.38,291.68,286.15,287.64,41469601,0.0,0.0,QQQ,,,,2022-12-05
287.48,287.62,280.26,281.68,53929505,0.0,0.0,QQQ,,,,2022-12-06
280.47,282.57,278.78,280.53,45291254,0.0,0.0,QQQ,,,,2022-12-07
281.91,284.84,279.79,283.85,42348513,0.0,0.0,QQQ,,,,2022-12-08
282.81,285.64,281.59,282.04,47848487,0.0,0.0,QQQ,,,,2022-12-09
282.22,285.64,281.16,285.58,35625918,0.0,0.0,QQQ,,,,2022-12-12
296.65,296.88,285.91,288.65,80364725,0.0,0.0,QQQ,,,,2022-12-13
288.05,291.41,283.19,286.51,64701532,0.0,0.0,QQQ,,,,2022-12-14
282.33,283.01,275.67,276.89,60525219,0.0,0.0,QQQ,,,,2022-12-15
276.2,277.77,272.61,274.25,68122651,0.0,0.0,QQQ,,,,2022-12-16
273.87,273.96,268.49,269.75,44137220,0.0,0.0,QQQ,,,,2022-12-19
268.56,271.32,266.95,269.54,50379074,0.0,0.0,QQQ,,,,2022-12-20
270.6,274.78,269.74,273.45,46393994,0.0,0.0,QQQ,,,,2022-12-21
270.38,270.51,262.46,266.76,59564677,0.0,0.0,QQQ,,,,2022-12-22
265.47,268.04,263.53,267.36,38532634,0.0,0.0,QQQ,,,,2022-12-23
266.74,266.85,263.03,263.58,36374805,0.0,0.0,QQQ,,,,2022-12-27
263.17,265.47,259.73,260.1,46828043,0.0,0.0,QQQ,,,,2022-12-28
262.96,267.4,262.25,266.44,44803567,0.0,0.0,QQQ,,,,2022-12-29
263.62,266.41,262.29,266.28,37181777,0.0,0.0,QQQ,,,,2022-12-30
268.65,270.15,262.13,264.48,42044125,0.0,0.0,QQQ,,,,2023-01-03
266.64,267.45,262.53,265.74,47692111,0.0,0.0,QQQ,,,,2023-01-04
264.04,264.21,261.26,261.58,44613044,0.0,0.0,QQQ,,,,2023-01-05
263.35,269.94,260.34,268.8,54244039,0.0,0.0,QQQ,,,,2023-01-06
270.83,275.29,269.92,270.54,45568676,0.0,0.0,QQQ,,,,2023-01-09
269.49,272.94,268.97,272.83,35224888,0.0,0.0,QQQ,,,,2023-01-10
273.92,277.66,273.12,277.55,44000036,0.0,0.0,QQQ,,,,2023-01-11
278.12,280.1,273.74,279.05,60479953,0.0,0.0,QQQ,,,,2023-01-12
276.5,281.22,276.16,280.97,44482936,0.0,0.0,QQQ,,,,2023-01-13
280.77,282.85,279.58,281.54,36264738,0.0,0.0,QQQ,,,,2023-01-17
283.11,284.69,277.67,277.88,47739549,0.0,0.0,QQQ,,,,2023-01-18
276.22,277.38,273.89,275.15,44150436,0.0,0.0,QQQ,,,,2023-01-19
276.79,283.02,275.71,282.68,59456406,0.0,0.0,QQQ,,,,2023-01-20
283.54,290.21,282.73,288.96,52694905,0.0,0.0,QQQ,,,,2023-01-23
287.31,289.55,286.78,288.37,44782566,0.0,0.0,QQQ,,,,2023-01-24
283.77,288.36,281.18,287.73,50740022,0.0,0.0,QQQ,,,,2023-01-25
291.22,293.52,288.52,293.34,51578585,0.0,0.0,QQQ,,,,2023-01-26
292.0,298.26,291.88,296.26,56061439,0.0,0.0,QQQ,,,,2023-01-27
292.93,294.38,289.89,290.27,48990333,0.0,0.0,QQQ,,,,2023-01-30
290.31,294.72,290.2,294.62,46553106,0.0,0.0,QQQ,,,,2023-01-31
294.41,303.43,292.3,300.92,67561373,0.0,0.0,QQQ,,,,2023-02-01
307.57,313.68,306.73,311.72,82677628,0.0,0.0,QQQ,,,,2023-02-02
304.94,312.39,304.54,306.18,76001004,0.0,0.0,QQQ,,,,2023-02-03
303.51,305.91,302.22,303.59,40360448,0.0,0.0,QQQ,,,,2023-02-06
303.46,311.03,302.32,309.88,67232681,0.0,0.0,QQQ,,,,2023-02-07
308.54,309.5,303.67,304.37,56720860,0.0,0.0,QQQ,,,,2023-02-08
308.84,308.99,300.2,301.68,49121118,0.0,0.0,QQQ,,,,2023-02-09
299.48,301.57,297.25,299.7,50010104,0.0,0.0,QQQ,,,,2023-02-10
301.13,305.1,299.93,304.5,39311470,0.0,0.0,QQQ,,,,2023-02-13
302.89,307.72,300.91,306.75,64072457,0.0,0.0,QQQ,,,,2023-02-14
304.9,309.27,304.2,309.1,43197298,0.0,0.0,QQQ,,,,2023-02-15
304.38,308.43,303.15,303.3,58691130,0.0,0.0,QQQ,,,,2023-02-16
301.07,301.93,298.1,301.16,58086629,0.0,0.0,QQQ,,,,2023-02-17
297.26,298.73,293.89,294.03,46526708,0.0,0.0,QQQ,,,,2023-02-21
294.62,296.36,292.56,294.25,51381737,0.0,0.0,QQQ,,,,2023-02-22
297.97,298.13,292.55,296.82,69195443,0.0,0.0,QQQ,,,,2023-02-23
291.76,292.97,290.05,291.85,73810458,0.0,0.0,QQQ,,,,2023-02-24
295.07,296.49,293.34,293.94,48444309,0.0,0.0,QQQ,,,,2023-02-27
293.3,296.12,292.96,293.56,48173241,0.0,0.0,QQQ,,,,2023-02-28
293.26,293.93,290.2,291.2,58189072,0.0,0.0,QQQ,,,,2023-03-01
288.66,294.43,288.37,293.61,53718707,0.0,0.0,QQQ,,,,2023-03-02
295.39,299.92,294.87,299.68,60216540,0.0,0.0,QQQ,,,,2023-03-03
300.94,304.0,299.82,300.02,56584494,0.0,0.0,QQQ,,,,2023-03-06
300.07,301.01,295.72,296.34,65925756,0.0,0.0,QQQ,,,,2023-03-07
296.77,298.43,294.88,297.82,50838415,0.0,0.0,QQQ,,,,2023-03-08
298.33,300.98,291.83,292.66,71426691,0.0,0.0,QQQ,,,,2023-03-09
292.83,294.35,287.38,288.55,98581561,0.0,0.0,QQQ,,,,2023-03-10
286.73,294.47,285.19,290.69,97006853,0.0,0.0,QQQ,,,,2023-03-13
294.31,297.93,293.45,297.37,73423745,0.0,0.0,QQQ,,,,2023-03-14
294.71,299.27,293.24,298.93,83417735,0.0,0.0,QQQ,,,,2023-03-15
298.0,307.18,297.19,306.81,98326674,0.0,0.0,QQQ,,,,2023-03-16
306.72,309.15,303.37,305.36,89794032,0.0,0.0,QQQ,,,,2023-03-17
304.26,306.3,302.01,305.97,56301543,0.0,0.0,QQQ,,,,2023-03-20
307.94,310.8,306.4,310.34,49729248,0.0,0.0,QQQ,,,,2023-03-21
310.27,315.25,305.95,306.12,75676164,0.0,0.0,QQQ,,,,2023-03-22
309.92,314.15,307.01,309.75,74460981,0.0,0.0,QQQ,,,,2023-03-23
309.32,310.99,306.95,310.89,57245803,0.0,0.0,QQQ,,,,2023-03-24
311.6,312.7,307.89,308.76,50092407,0.0,0.0,QQQ,,,,2023-03-27
308.17,308.2,304.77,307.12,48494217,0.0,0.0,QQQ,,,,2023-03-28
310.88,313.35,310.05,312.72,53274266,0.0,0.0,QQQ,,,,2023-03-29
315.24,316.32,312.81,315.68,58344808,0.0,0.0,QQQ,,,,2023-03-30
315.91,321.17,315.6,320.93,62138097,0.0,0.0,QQQ,,,,2023-03-31
318.77,320.42,317.42,320.15,46936839,0.0,0.0,QQQ,,,,2023-04-03
320.6,321.63,317.83,319.07,45690384,0.0,0.0,QQQ,,,,2023-04-04
318.1,319.06,314.07,315.92,62795706,0.0,0.0,QQQ,,,,2023-04-05
314.24,318.55,312.82,318.05,46916496,0.0,0.0,QQQ,,,,2023-04-06
315.07,317.92,313.25,317.87,45076856,0.0,0.0,QQQ,,,,2023-04-10
317.83,317.89,315.31,315.83,40081194,0.0,0.0,QQQ,,,,2023-04-11
317.82,318.42,312.56,313.04,62703305,0.0,0.0,QQQ,,,,2023-04-12
314.83,319.65,313.63,319.17,54239292,0.0,0.0,QQQ,,,,2023-04-13
317.59,320.36,315.61,318.57,56257284,0.0,0.0,QQQ,,,,2023-04-14
318.15,319.2,316.04,318.84,42982423,0.0,0.0,QQQ,,,,2023-04-17
320.99,321.42,317.64,318.86,46743440,0.0,0.0,QQQ,,,,2023-04-18
316.41,319.79,316.28,318.71,38947027,0.0,0.0,QQQ,,,,2023-04-19
315.69,319.27,314.97,316.28,62433942,0.0,0.0,QQQ,,,,2023-04-20
315.91,317.4,314.1,316.61,57992285,0.0,0.0,QQQ,,,,2023-04-21
316.38,317.74,313.74,315.95,44042663,0.0,0.0,QQQ,,,,2023-04-24
314.29,314.97,309.89,309.99,56984444,0.0,0.0,QQQ,,,,2023-04-25
313.44,314.94,311.34,311.87,55399746,0.0,0.0,QQQ,,,,2023-04-26
315.7,320.86,315.05,320.35,65399942,0.0,0.0,QQQ,,,,2023-04-27
320.11,322.65,318.96,322.56,58050135,0.0,0.0,QQQ,,,,2023-04-28
322.09,323.63,321.09,322.19,41013386,0.0,0.0,QQQ,,,,2023-05-01
322.12,322.45,317.61,319.38,56187357,0.0,0.0,QQQ,,,,2023-05-02
319.75,322.47,317.18,317.29,59840070,0.0,0.0,QQQ,,,,2023-05-03
317.06,318.23,315.12,316.17,50095020,0.0,0.0,QQQ,,,,2023-05-04
318.47,323.76,316.21,322.89,51739298,0.0,0.0,QQQ,,,,2023-05-05
322.42,324.04,321.32,323.69,36411796,0.0,0.0,QQQ,,,,2023-05-08
322.0,322.88,321.32,321.64,31766800,0.0,0.0,QQQ,,,,2023-05-09
324.12,326.01,321.6,325.14,60194223,0.0,0.0,QQQ,,,,2023-05-10
325.7,326.75,324.12,326.2,44107548,0.0,0.0,QQQ,,,,2023-05-11
326.74,327.17,322.94,325.03,48384836,0.0,0.0,QQQ,,,,2023-05-12
325.51,327.03,323.96,326.79,33327559,0.0,0.0,QQQ,,,,2023-05-15
326.06,328.9,326.02,327.16,38522551,0.0,0.0,QQQ,,,,2023-05-16
328.24,331.71,327.04,331.12,47140724,0.0,0.0,QQQ,,,,2023-05-17
331.52,337.49,331.5,337.27,64142716,0.0,0.0,QQQ,,,,2023-05-18
337.49,338.2,335.43,336.51,61460726,0.0,0.0,QQQ,,,,2023-05-19
336.25,338.67,336.24,337.64,42796348,0.0,0.0,QQQ,,,,2023-05-22
335.89,337.06,333.0,333.36,48166163,0.0,0.0,QQQ,,,,2023-05-23
331.37,332.9,329.56,331.65,61646669,0.0,0.0,QQQ,,,,2023-05-24
339.14,341.01,336.66,339.72,66810973,0.0,0.0,QQQ,,,,2023-05-25
340.76,349.24,340.66,348.4,63006952,0.0,0.0,QQQ,,,,2023-05-26
352.71,353.93,348.53,349.98,72236456,0.0,0.0,QQQ,,,,2023-05-30
348.37,350.6,346.51,347.99,65030878,0.0,0.0,QQQ,,,,2023-05-31
347.73,353.36,346.66,352.01,50420601,0.0,0.0,QQQ,,,,2023-06-01
353.8,355.83,352.01,354.65,53249013,0.0,0.0,QQQ,,,,2023-06-02
354.43,357.5,353.85,354.9,47186938,0.0,0.0,QQQ,,,,2023-06-05
354.28,355.82,352.93,354.84,41390400,0.0,0.0,QQQ,,,,2023-06-06
355.13,357.12,348.18,348.82,69191286,0.0,0.0,QQQ,,,,2023-06-07
349.12,353.62,348.89,353.15,46937922,0.0,0.0,QQQ,,,,2023-06-08
354.63,357.66,353.03,354.5,53184317,0.0,0.0,QQQ,,,,2023-06-09
356.19,360.59,355.2,360.49,44708146,0.0,0.0,QQQ,,,,2023-06-12
363.29,364.11,360.03,363.26,56978304,0.0,0.0,QQQ,,,,2023-06-13
363.27,366.19,360.42,365.9,69202642,0.0,0.0,QQQ,,,,2023-06-14
364.61,371.77,363.98,370.26,71066623,0.0,0.0,QQQ,,,,2023-06-15
372.72,372.85,367.48,367.93,80826171,0.0,0.0,QQQ,,,,2023-06-16
365.95,368.32,363.89,366.9,49064522,0.0,0.0,QQQ,,,,2023-06-20
365.74,366.18,360.96,361.9,53378256,0.0,0.0,QQQ,,,,2023-06-21
360.63,366.33,360.22,366.17,47577843,0.0,0.0,QQQ,,,,2023-06-22
362.21,364.88,360.82,362.54,48787911,0.0,0.0,QQQ,,,,2023-06-23
362.0,364.84,357.59,357.68,52429478,0.0,0.0,QQQ,,,,2023-06-26
359.25,364.57,358.51,363.83,49443443,0.0,0.0,QQQ,,,,2023-06-27
361.98,366.52,361.9,364.54,46444381,0.0,0.0,QQQ,,,,2023-06-28
364.24,364.89,362.14,363.81,46150967,0.0,0.0,QQQ,,,,2023-06-29
367.55,370.49,367.23,369.42,58687301,0.0,0.0,QQQ,,,,2023-06-30
370.07,370.93,368.97,370.29,19397112,0.0,0.0,QQQ,,,,2023-07-03
368.7,372.01,368.66,370.28,34420383,0.0,0.0,QQQ,,,,2023-07-05
366.51,367.91,364.52,367.46,49269728,0.0,0.0,QQQ,,,,2023-07-06
367.23,370.48,366.01,366.24,47014874,0.0,0.0,QQQ,,,,2023-07-07
365.96,367.05,363.41,366.36,48384050,0.0,0.0,QQQ,,,,2023-07-10
366.79,368.63,364.62,368.17,37897346,0.0,0.0,QQQ,,,,2023-07-11
372.34,374.19,370.3,372.82,61677696,0.0,0.0,QQQ,,,,2023-07-12
376.05,379.99,375.46,379.15,46925087,0.0,0.0,QQQ,,,,2023-07-13
379.58,382.86,378.18,379.07,54909500,0.0,0.0,QQQ,,,,2023-07-14
379.8,383.5,379.31,382.61,40598915,0.0,0.0,QQQ,,,,2023-07-17
381.96,387.13,380.0,385.74,55271538,0.0,0.0,QQQ,,,,2023-07-18
386.82,387.98,384.3,385.65,53887408,0.0,0.0,QQQ,,,,2023-07-19
382.61,384.1,375.72,376.76,71920374,0.0,0.0,QQQ,,,,2023-07-20
379.18,379.92,375.19,375.63,60494143,0.0,0.0,QQQ,,,,2023-07-21
376.62,377.58,374.34,376.23,40527829,0.0,0.0,QQQ,,,,2023-07-24
376.95,380.47,376.93,378.78,38894384,0.0,0.0,QQQ,,,,2023-07-25
377.72,379.24,375.18,377.52,46745210,0.0,0.0,QQQ,,,,2023-07-26
383.07,384.71,375.31,376.62,63825525,0.0,0.0,QQQ,,,,2023-07-27
380.74,384.52,380.22,383.48,56900126,0.0,0.0,QQQ,,,,2023-07-28
383.79,384.88,382.34,383.68,43998405,0.0,0.0,QQQ,,,,2023-07-31
382.31,383.56,380.69,382.79,41246957,0.0,0.0,QQQ,,,,2023-08-01
379.26,379.26,373.13,374.39,72627107,0.0,0.0,QQQ,,,,2023-08-02
371.94,375.95,371.77,373.79,47808781,0.0,0.0,QQQ,,,,2023-08-03
375.75,378.1,371.53,372.04,61668279,0.0,0.0,QQQ,,,,2023-08-04
373.88,375.29,371.51,375.19,37192444,0.0,0.0,QQQ,,,,2023-08-07
372.64,372.66,368.82,372.0,44713253,0.0,0.0,QQQ,,,,2023-08-08
372.29,372.45,367.14,367.91,50916400,0.0,0.0,QQQ,,,,2023-08-09
370.97,374.36,367.04,368.59,71993015,0.0,0.0,QQQ,,,,2023-08-10
365.99,368.0,364.69,366.24,48680337,0.0,0.0,QQQ,,,,2023-08-11
365.43,370.47,364.7,370.35,41853302,0.0,0.0,QQQ,,,,2023-08-14
369.36,370.17,365.74,366.42,45441891,0.0,0.0,QQQ,,,,2023-08-15
365.87,367.43,362.44,362.54,52780225,0.0,0.0,QQQ,,,,2023-08-16
363.96,364.31,358.16,358.58,62555988,0.0,0.0,QQQ,,,,2023-08-17
355.26,359.41,354.71,358.13,59998052,0.0,0.0,QQQ,,,,2023-08-18
359.62,364.59,359.15,363.9,50495518,0.0,0.0,QQQ,,,,2023-08-21
366.55,366.56,362.68,363.38,44501809,0.0,0.0,QQQ,,,,2023-08-22
364.58,370.22,364.36,369.11,51344103,0.0,0.0,QQQ,,,,2023-08-23
372.64,372.74,361.01,361.22,66733671,0.0,0.0,QQQ,,,,2023-08-24
362.07,365.74,358.58,364.02,69556465,0.0,0.0,QQQ,,,,2023-08-25
366.99,367.71,364.25,366.76,40850019,0.0,0.0,QQQ,,,,2023-08-28
366.56,375.13,366.23,374.77,58452371,0.0,0.0,QQQ,,,,2023-08-29
374.88,377.45,373.86,376.86,41539911,0.0,0.0,QQQ,,,,2023-08-30
376.94,379.72,376.87,377.99,35678701,0.0,0.0,QQQ,,,,2023-08-31
380.4,380.83,376.08,377.59,39801177,0.0,0.0,QQQ,,,,2023-09-01
376.77,379.31,375.83,378.07,32337222,0.0,0.0,QQQ,,,,2023-09-05
377.28,377.63,372.7,374.74,42992735,0.0,0.0,QQQ,,,,2023-09-06
370.21,372.85,369.15,372.06,51761716,0.0,0.0,QQQ,,,,2023-09-07
372.01,374.85,371.6,372.58,35704359,0.0,0.0,QQQ,,,,2023-09-08
375.66,377.49,373.66,376.97,39643634,0.0,0.0,QQQ,,,,2023-09-11
375.27,376.95,372.5,372.79,41391024,0.0,0.0,QQQ,,,,2023-09-12
373.03,375.84,371.88,374.21,45915677,0.0,0.0,QQQ,,,,2023-09-13
375.99,378.27,373.89,377.27,48039388,0.0,0.0,QQQ,,,,2023-09-14
375.91,376.32,369.86,370.81,69675706,0.0,0.0,QQQ,,,,2023-09-15
369.32,371.79,369.03,370.66,36663545,0.0,0.0,QQQ,,,,2023-09-18
369.32,370.68,366.8,369.87,37619934,0.0,0.0,QQQ,,,,2023-09-19
370.95,371.31,364.46,364.54,45511189,0.0,0.0,QQQ,,,,2023-09-20
360.8,361.6,357.69,357.86,69701845,0.0,0.0,QQQ,,,,2023-09-21
359.63,361.8,357.59,357.91,51589689,0.0,0.0,QQQ,,,,2023-09-22
356.93,359.7,355.93,359.61,39015985,0.0,0.0,QQQ,,,,2023-09-25
356.99,357.54,353.21,354.21,53625248,0.0,0.0,QQQ,,,,2023-09-26
355.38,356.98,351.36,355.04,56025222,0.0,0.0,QQQ,,,,2023-09-27
354.11,360.17,353.24,358.01,56450312,0.0,0.0,QQQ,,,,2023-09-28
361.54,362.95,357.02,358.27,64825316,0.0,0.0,QQQ,,,,2023-09-29
358.54,362.68,357.92,361.26,51582654,0.0,0.0,QQQ,,,,2023-10-02
358.78,361.01,353.28,354.92,60473989,0.0,0.0,QQQ,,,,2023-10-03
355.77,360.61,355.3,359.75,54610736,0.0,0.0,QQQ,,,,2023-10-04
359.74,360.15,355.14,358.69,45867390,0.0,0.0,QQQ,,,,2023-10-05
355.65,365.91,354.85,364.7,75007119,0.0,0.0,QQQ,,,,2023-10-06
362.3,367.11,360.78,366.56,45286766,0.0,0.0,QQQ,,,,2023-10-09
366.9,371.28,366.39,368.59,46894096,0.0,0.0,QQQ,,,,2023-10-10
369.94,371.41,368.19,371.22,38198288,0.0,0.0,QQQ,,,,2023-10-11
371.73,373.74,367.5,369.93,49587942,0.0,0.0,QQQ,,,,2023-10-12
370.57,371.16,363.86,365.28,52183876,0.0,0.0,QQQ,,,,2023-10-13
366.62,370.48,366.47,369.41,44190359,0.0,0.0,QQQ,,,,2023-10-16
365.81,369.92,363.66,368.2,50986602,0.0,0.0,QQQ,,,,2023-10-17
365.67,367.91,362.02,363.37,54280490,0.0,0.0,QQQ,,,,2023-10-18
364.81,366.02,359.16,359.97,71642938,0.0,0.0,QQQ,,,,2023-10-19
359.46,360.04,354.37,354.6,72449723,0.0,0.0,QQQ,,,,2023-10-20
353.26,359.26,351.12,355.67,59900585,0.0,0.0,QQQ,,,,2023-10-23
357.51,359.91,355.79,359.13,46972078,0.0,0.0,QQQ,,,,2023-10-24
356.7,356.88,349.75,350.34,71171536,0.0,0.0,QQQ,,,,2023-10-25
349.12,350.07,342.35,343.66,78606475,0.0,0.0,QQQ,,,,2023-10-26
346.43,348.84,344.08,345.31,63156907,0.0,0.0,QQQ,,,,2023-10-27
347.83,350.54,346.45,349.2,55298538,0.0,0.0,QQQ,,,,2023-10-30
349.23,351.25,346.62,350.87,47671906,0.0,0.0,QQQ,,,,2023-10-31
351.72,357.53,351.62,356.96,58963666,0.0,0.0,QQQ,,,,2023-11-01
361.54,363.68,360.3,363.44,58162442,0.0,0.0,QQQ,,,,2023-11-02
364.75,369.02,364.52,367.71,53274557,0.0,0.0,QQQ,,,,2023-11-03
368.49,369.78,366.91,369.21,38789443,0.0,0.0,QQQ,,,,2023-11-06
370.27,373.58,369.04,372.7,50737398,0.0,0.0,QQQ,,,,2023-11-07
373.08,373.79,370.62,372.94,35618773,0.0,0.0,QQQ,,,,2023-11-08
373.64,374.8,369.57,370.07,53841421,0.0,0.0,QQQ,,,,2023-11-09
371.82,378.54,371.28,378.39,58325539,0.0,0.0,QQQ,,,,2023-11-10
376.79,378.28,375.24,377.21,40627005,0.0,0.0,QQQ,,,,2023-11-13
383.71,386.26,383.18,385.33,67792634,0.0,0.0,QQQ,,,,2023-11-14
387.25,387.75,384.24,385.62,54141385,0.0,0.0,QQQ,,,,2023-11-15
384.84,386.19,383.56,385.95,45335444,0.0,0.0,QQQ,,,,2023-11-16
385.21,387.07,384.29,386.04,46471745,0.0,0.0,QQQ,,,,2023-11-17
386.05,391.41,386.05,390.74,44527169,0.0,0.0,QQQ,,,,2023-11-20
389.01,389.23,386.7,388.47,43321989,0.0,0.0,QQQ,,,,2023-11-21
390.57,393.07,389.04,390.06,43953798,0.0,0.0,QQQ,,,,2023-11-22
389.65,390.25,388.5,389.51,15699834,0.0,0.0,QQQ,,,,2023-11-24
389.01,391.15,388.28,389.17,34089156,0.0,0.0,QQQ,,,,2023-11-27
388.41,390.78,388.05,390.19,35485173,0.0,0.0,QQQ,,,,2023-11-28
392.69,394.14,389.46,389.81,38724495,0.0,0.0,QQQ,,,,2023-11-29
390.08,390.55,385.82,388.83,52834381,0.0,0.0,QQQ,,,,2023-11-30
387.75,390.54,386.07,389.94,40486068,0.0,0.0,QQQ,,,,2023-12-01
386.09,386.6,382.66,386.32,51186944,0.0,0.0,QQQ,,,,2023-12-04
384.39,388.5,384.21,387.29,42895756,0.0,0.0,QQQ,,,,2023-12-05
390.27,390.37,384.7,385.05,41994072,0.0,0.0,QQQ,,,,2023-12-06
388.07,391.27,386.96,390.43,49593545,0.0,0.0,QQQ,,,,2023-12-07
388.67,392.62,388.48,392.17,46615525,0.0,0.0,QQQ,,,,2023-12-08
391.74,395.79,391.53,395.52,40890021,0.0,0.0,QQQ,,,,2023-12-11
395.56,398.79,394.41,398.67,38383702,0.0,0.0,QQQ,,,,2023-12-12
399.62,404.36,398.84,403.74,55408129,0.0,0.0,QQQ,,,,2023-12-13
404.98,406.3,400.34,403.39,55447808,0.0,0.0,QQQ,,,,2023-12-14
404.18,406.54,403.57,405.34,62871445,0.0,0.0,QQQ,,,,2023-12-15
404.93,407.99,404.6,407.08,46499985,0.0,0.0,QQQ,,,,2023-12-18
407.54,409.28,407.34,409.16,35708355,0.0,0.0,QQQ,,,,2023-12-19
408.35,410.47,402.9,403.08,54019043,0.0,0.0,QQQ,,,,2023-12-20
407.06,408.14,404.47,407.77,45558914,0.0,0.0,QQQ,,,,2023-12-21
409.0,409.97,406.48,408.38,34301753,0.0,0.0,QQQ,,,,2023-12-22
409.25,411.56,409.15,410.88,22722545,0.0,0.0,QQQ,,,,2023-12-26
410.95,411.79,410.08,411.5,31891481,0.0,0.0,QQQ,,,,2023-12-27
412.67,412.92,410.94,411.3,26979280,0.0,0.0,QQQ,,,,2023-12-28
411.28,411.64,407.58,409.52,42609620,0.0,0.0,QQQ,,,,2023-12-29
405.84,406.09,400.24,402.59,57949446,0.0,0.0,QQQ,,,,2024-01-02
399.93,401.0,397.89,398.33,46894931,0.0,0.0,QQQ,,,,2024-01-03
396.44,399.59,396.06,396.28,39409341,0.0,0.0,QQQ,,,,2024-01-04
396.45,399.56,395.34,396.75,44897460,0.0,0.0,QQQ,,,,2024-01-05
397.99,405.24,397.84,404.95,42463796,0.0,0.0,QQQ,,,,2024-01-08
401.91,406.69,401.71,405.75,39073710,0.0,0.0,QQQ,,,,2024-01-09
406.07,409.52,405.17,408.5,33948224,0.0,0.0,QQQ,,,,2024-01-10
409.79,411.2,404.24,409.35,54533798,0.0,0.0,QQQ,,,,2024-01-11
410.4,411.25,408.15,409.56,39594952,0.0,0.0,QQQ,,,,2024-01-12
408.31,411.12,406.83,409.52,43903027,0.0,0.0,QQQ,,,,2024-01-16
406.17,407.58,402.92,407.21,54385974,0.0,0.0,QQQ,,,,2024-01-17
410.52,413.58,409.16,412.99,59562505,0.0,0.0,QQQ,,,,2024-01-18
415.22,421.34,414.62,421.18,69075623,0.0,0.0,QQQ,,,,2024-01-19
423.41,424.73,421.12,421.73,44856189,0.0,0.0,QQQ,,,,2024-01-22
422.43,423.7,420.57,423.48,33003206,0.0,0.0,QQQ,,,,2024-01-23
427.44,429.85,425.33,425.83,46948016,0.0,0.0,QQQ,,,,2024-01-24
428.36,429.04,423.98,426.35,44366155,0.0,0.0,QQQ,,,,2024-01-25
424.44,426.21,423.15,423.81,37136892,0.0,0.0,QQQ,,,,2024-01-26
424.27,428.35,423.61,428.15,38593724,0.0,0.0,QQQ,,,,2024-01-29
427.1,427.68,424.38,425.3,36738956,0.0,0.0,QQQ,,,,2024-01-30
420.85,422.87,416.79,416.97,64010649,0.0,0.0,QQQ,,,,2024-01-31
418.79,422.38,417.81,421.88,50957322,0.0,0.0,QQQ,,,,2024-02-01
423.8,430.24,422.79,429.01,59532960,0.0,0.0,QQQ,,,,2024-02-02
429.07,429.61,425.0,428.45,39799109,0.0,0.0,QQQ,,,,2024-02-05
429.61,430.22,425.22,427.59,35846134,0.0,0.0,QQQ,,,,2024-02-06
430.41,432.83,429.09,431.99,37700961,0.0,0.0,QQQ,,,,2024-02-07
432.11,433.56,431.42,432.79,29871392,0.0,0.0,QQQ,,,,2024-02-08
433.94,437.84,433.14,437.05,36335905,0.0,0.0,QQQ,,,,2024-02-09
436.94,439.14,434.65,435.34,33203095,0.0,0.0,QQQ,,,,2024-02-12
427.28,431.27,425.33,428.55,64322069,0.0,0.0,QQQ,,,,2024-02-13
431.26,433.65,428.88,433.22,45092722,0.0,0.0,QQQ,,,,2024-02-14
433.92,434.98,431.33,434.51,38772204,0.0,0.0,QQQ,,,,2024-02-15
434.89,434.99,429.85,430.57,53648475,0.0,0.0,QQQ,,,,2024-02-16
428.55,430.08,423.5,427.32,53982952,0.0,0.0,QQQ,,,,2024-02-20
424.55,425.7,421.63,425.61,49801697,0.0,0.0,QQQ,,,,2024-02-21
434.49,439.12,433.71,438.07,53887751,0.0,0.0,QQQ,,,,2024-02-22
439.65,440.59,435.79,436.78,39800861,0.0,0.0,QQQ,,,,2024-02-23
437.6,438.6,436.36,436.55,33031338,0.0,0.0,QQQ,,,,2024-02-26
437.67,437.99,435.02,437.6,33515220,0.0,0.0,QQQ,,,,2024-02-27
435.43,436.67,434.3,435.27,32908121,0.0,0.0,QQQ,,,,2024-02-28
438.23,440.09,435.02,439.0,42492152,0.0,0.0,QQQ,,,,2024-02-29
439.9,446.58,439.84,445.61,43697529,0.0,0.0,QQQ,,,,2024-03-01
445.61,446.04,443.77,444.02,34246687,0.0,0.0,QQQ,,,,2024-03-04
440.94,440.95,433.65,436.05,57865235,0.0,0.0,QQQ,,,,2024-03-05
440.32,441.99,436.89,438.79,46233260,0.0,0.0,QQQ,,,,2024-03-06
442.42,446.72,440.86,445.45,44476666,0.0,0.0,QQQ,,,,2024-03-07
445.81,448.64,438.34,439.02,72055857,0.0,0.0,QQQ,,,,2024-03-08
437.51,438.66,435.44,437.39,45841092,0.0,0.0,QQQ,,,,2024-03-11
439.73,444.02,436.46,443.66,55058659,0.0,0.0,QQQ,,,,2024-03-12
442.65,442.67,439.12,440.25,37849591,0.0,0.0,QQQ,,,,2024-03-13
441.5,442.03,436.39,439.14,52195208,0.0,0.0,QQQ,,,,2024-03-14
436.07,438.87,432.74,433.92,71786124,0.0,0.0,QQQ,,,,2024-03-15
438.73,441.04,437.24,437.48,47223802,0.0,0.0,QQQ,,,,2024-03-18
435.45,438.98,433.33,438.57,42928105,0.0,0.0,QQQ,,,,2024-03-19
439.78,444.11,438.06,443.77,43447090,0.0,0.0,QQQ,,,,2024-03-20
448.88,449.34,445.67,445.87,39305052,0.0,0.0,QQQ,,,,2024-03-21
445.35,447.49,444.49,446.38,27978499,0.0,0.0,QQQ,,,,2024-03-22
443.55,446.26,442.54,444.76,27779904,0.0,0.0,QQQ,,,,2024-03-25
446.3,447.22,443.09,443.32,34099543,0.0,0.0,QQQ,,,,2024-03-26
446.44,446.54,441.93,444.83,41192040,0.0,0.0,QQQ,,,,2024-03-27
444.78,445.64,443.65,444.01,36765841,0.0,0.0,QQQ,,,,2024-03-28
444.97,447.53,443.02,444.95,38701951,0.0,0.0,QQQ,,,,2024-04-01
440.08,441.43,438.03,441.11,44215665,0.0,0.0,QQQ,,,,2024-04-02
438.96,444.0,438.95,442.1,39857750,0.0,0.0,QQQ,,,,2024-04-03
446.33,446.95,435.11,435.34,57201660,0.0,0.0,QQQ,,,,2024-04-04
436.78,443.17,435.96,440.47,54674134,0.0,0.0,QQQ,,,,2024-04-05
441.41,442.5,439.2,440.6,28144944,0.0,0.0,QQQ,,,,2024-04-08
442.96,443.24,437.44,442.23,39521568,0.0,0.0,QQQ,,,,2024-04-09
437.0,439.24,436.28,438.37,61499191,0.0,0.0,QQQ,,,,2024-04-10
440.26,446.33,437.96,445.37,45397950,0.0,0.0,QQQ,,,,2024-04-11
441.1,442.24,436.88,438.27,53664545,0.0,0.0,QQQ,,,,2024-04-12
442.06,442.15,430.21,431.06,63292622,0.0,0.0,QQQ,,,,2024-04-15
430.9,433.76,429.7,431.1,47419236,0.0,0.0,QQQ,,,,2024-04-16
433.1,433.12,424.9,425.84,56732786,0.0,0.0,QQQ,,,,2024-04-17
426.49,428.24,422.83,423.41,46370563,0.0,0.0,QQQ,,,,2024-04-18
422.22,422.75,413.07,414.65,74384090,0.0,0.0,QQQ,,,,2024-04-19
417.31,421.18,413.94,418.82,47807663,0.0,0.0,QQQ,,,,2024-04-22
420.77,426.28,418.87,425.07,44283691,0.0,0.0,QQQ,,,,2024-04-23
428.2,429.73,424.2,426.51,48140305,0.0,0.0,QQQ,,,,2024-04-24
419.24,425.32,418.14,424.45,57343999,0.0,0.0,QQQ,,,,2024-04-25
427.62,432.55,426.92,431.0,41789907,0.0,0.0,QQQ,,,,2024-04-26
433.13,433.76,429.98,432.75,29984161,0.0,0.0,QQQ,,,,2024-04-29
431.15,432.56,424.51,424.59,43291934,0.0,0.0,QQQ,,,,2024-04-30
423.15,430.14,420.66,421.52,52247057,0.0,0.0,QQQ,,,,2024-05-01
425.3,427.81,420.63,426.9,36527182,0.0,0.0,QQQ,,,,2024-05-02
434.44,436.48,432.62,435.48,48504402,0.0,0.0,QQQ,,,,2024-05-03
437.3,440.34,436.52,440.25,30227200,0.0,0.0,QQQ,,,,2024-05-06
440.7,441.97,439.58,440.32,29282844,0.0,0.0,QQQ,,,,2024-05-07
437.67,441.48,437.55,440.06,24896423,0.0,0.0,QQQ,,,,2024-05-08
440.33,441.6,438.46,441.02,24573521,0.0,0.0,QQQ,,,,2024-05-09
442.54,444.31,440.5,442.06,27116566,0.0,0.0,QQQ,,,,2024-05-10
443.99,444.09,441.65,443.08,22972792,0.0,0.0,QQQ,,,,2024-05-13
442.65,446.46,442.46,445.93,34398321,0.0,0.0,QQQ,,,,2024-05-14
448.43,453.15,446.9,452.9,41464651,0.0,0.0,QQQ,,,,2024-05-15
452.71,454.69,451.81,451.98,34733712,0.0,0.0,QQQ,,,,2024-05-16
452.11,452.72,449.54,451.76,35803719,0.0,0.0,QQQ,,,,2024-05-17
451.98,455.58,451.78,454.91,24368626,0.0,0.0,QQQ,,,,2024-05-20
453.04,455.99,452.84,455.8,23153120,0.0,0.0,QQQ,,,,2024-05-21
456.06,456.82,453.08,455.71,25046870,0.0,0.0,QQQ,,,,2024-05-22
460.55,460.58,451.85,453.66,40899230,0.0,0.0,QQQ,,,,2024-05-23
455.29,459.23,453.57,457.95,29637661,0.0,0.0,QQQ,,,,2024-05-24
459.18,459.74,456.69,459.68,26180815,0.0,0.0,QQQ,,,,2024-05-28
455.48,458.24,455.34,456.44,29739238,0.0,0.0,QQQ,,,,2024-05-29
455.5,455.64,450.21,451.55,30695121,0.0,0.0,QQQ,,,,2024-05-30
451.78,452.48,443.06,450.71,55807221,0.0,0.0,QQQ,,,,2024-05-31
454.57,455.58,447.9,453.13,32829397,0.0,0.0,QQQ,,,,2024-06-03
452.87,455.58,451.13,454.37,23642436,0.0,0.0,QQQ,,,,2024-06-04
457.98,463.61,454.41,463.53,33765919,0.0,0.0,QQQ,,,,2024-06-05
464.22,464.54,462.19,463.37,21933820,0.0,0.0,QQQ,,,,2024-06-06
463.0,465.74,461.84,462.96,25824220,0.0,0.0,QQQ,,,,2024-06-07
461.82,465.19,461.53,464.83,20710771,0.0,0.0,QQQ,,,,2024-06-10
463.54,468.14,462.03,468.02,22050281,0.0,0.0,QQQ,,,,2024-06-11
471.99,476.5,471.29,474.15,34532585,0.0,0.0,QQQ,,,,2024-06-12
477.72,478.39,474.42,476.72,25848964,0.0,0.0,QQQ,,,,2024-06-13
476.52,479.26,476.05,479.19,23357620,0.0,0.0,QQQ,,,,2024-06-14
479.46,486.86,478.14,485.06,36574504,0.0,0.0,QQQ,,,,2024-06-17
485.01,485.9,483.43,485.21,24402455,0.0,0.0,QQQ,,,,2024-06-18
486.42,486.84,479.62,481.47,33731233,0.0,0.0,QQQ,,,,2024-06-20
481.19,482.54,478.67,480.18,39402813,0.0,0.0,QQQ,,,,2024-06-21
478.18,479.93,473.82,473.96,37614894,0.0,0.0,QQQ,,,,2024-06-24
476.07,479.68,475.12,479.38,28345809,0.0,0.0,QQQ,,,,2024-06-25
478.55,480.92,478.13,480.37,22735105,0.0,0.0,QQQ,,,,2024-06-26
480.12,483.1,479.3,481.61,26222135,0.0,0.0,QQQ,,,,2024-06-27
482.41,487.2,478.46,479.11,34827581,0.0,0.0,QQQ,,,,2024-06-28
480.04,482.49,476.26,481.92,24897236,0.0,0.0,QQQ,,,,2024-07-01
480.41,487.04,480.28,486.98,26710559,0.0,0.0,QQQ,,,,2024-07-02
486.22,491.17,486.22,491.04,18047930,0.0,0.0,QQQ,,,,2024-07-03
491.89,496.6,491.59,496.16,28400336,0.0,0.0,QQQ,,,,2024-07-05
496.53,497.9,495.5,497.34,22074470,0.0,0.0,QQQ,,,,2024-07-08
498.87,500.0,496.24,497.77,25701253,0.0,0.0,QQQ,,,,2024-07-09
499.71,503.52,498.39,502.96,28008901,0.0,0.0,QQQ,,,,2024-07-10
503.07,503.28,490.72,491.93,49809390,0.0,0.0,QQQ,,,,2024-07-11
492.51,499.62,492.04,494.82,37087499,0.0,0.0,QQQ,,,,2024-07-12
496.61,501.01,494.09,496.15,31072286,0.0,0.0,QQQ,,,,2024-07-15
497.62,498.44,493.15,496.34,25936622,0.0,0.0,QQQ,,,,2024-07-16
488.28,488.8,481.7,481.77,56248568,0.0,0.0,QQQ,,,,2024-07-17
485.53,485.71,476.27,479.49,49112861,0.0,0.0,QQQ,,,,2024-07-18
479.15,481.69,473.94,475.24,41815456,0.0,0.0,QQQ,,,,2024-07-19
481.16,483.35,477.71,482.32,40183999,0.0,0.0,QQQ,,,,2024-07-22
481.41,484.43,480.14,480.62,23282454,0.0,0.0,QQQ,,,,2024-07-23
473.82,474.19,462.51,463.38,58802854,0.0,0.0,QQQ,,,,2024-07-24
463.72,467.94,455.63,458.27,59159459,0.0,0.0,QQQ,,,,2024-07-25
462.65,465.93,459.77,462.97,39944607,0.0,0.0,QQQ,,,,2024-07-26
465.71,467.91,461.62,463.9,28208476,0.0,0.0,QQQ,,,,2024-07-29
465.85,466.56,454.15,457.53,41296810,0.0,0.0,QQQ,,,,2024-07-30
467.87,472.79,466.41,471.07,44519684,0.0,0.0,QQQ,,,,2024-07-31
471.76,475.55,455.98,459.66,56568500,0.0,0.0,QQQ,,,,2024-08-01
450.89,453.57,444.47,448.75,65746444,0.0,0.0,QQQ,,,,2024-08-02
424.71,442.29,423.45,435.37,87168352,0.0,0.0,QQQ,,,,2024-08-05
437.23,447.07,434.56,439.53,62486579,0.0,0.0,QQQ,,,,2024-08-06
446.49,449.0,434.37,434.77,54587013,0.0,0.0,QQQ,,,,2024-08-07
441.06,448.99,437.15,448.07,47518271,0.0,0.0,QQQ,,,,2024-08-08
446.74,452.06,445.61,450.41,33572076,0.0,0.0,QQQ,,,,2024-08-09
451.39,454.37,448.55,451.38,27795006,0.0,0.0,QQQ,,,,2024-08-12
455.82,462.85,455.68,462.58,39889837,0.0,0.0,QQQ,,,,2024-08-13
463.51,465.11,458.4,462.73,34636496,0.0,0.0,QQQ,,,,2024-08-14
468.76,474.82,468.38,474.42,38252215,0.0,0.0,QQQ,,,,2024-08-15
472.62,476.41,471.65,475.03,38382123,0.0,0.0,QQQ,,,,2024-08-16
475.17,481.31,473.37,481.27,23613074,0.0,0.0,QQQ,,,,2024-08-19
480.35,482.94,478.55,480.26,29059040,0.0,0.0,QQQ,,,,2024-08-20
481.05,484.37,479.32,482.5,25580787,0.0,0.0,QQQ,,,,2024-08-21
484.84,485.54,473.81,474.85,37678976,0.0,0.0,QQQ,,,,2024-08-22
479.24,482.74,475.28,480.0,36047508,0.0,0.0,QQQ,,,,2024-08-23
479.45,480.38,473.24,475.34,27318041,0.0,0.0,QQQ,,,,2024-08-26
473.69,477.84,471.71,476.76,27472003,0.0,0.0,QQQ,,,,2024-08-27
476.29,477.02,467.89,471.35,37272236,0.0,0.0,QQQ,,,,2024-08-28
473.28,477.93,469.37,470.66,40664015,0.0,0.0,QQQ,,,,2024-08-29
475.04,476.9,470.51,476.27,32706373,0.0,0.0,QQQ,,,,2024-08-30
473.2,473.33,459.41,461.81,44971619,0.0,0.0,QQQ,,,,2024-09-03
458.67,464.45,457.73,460.61,32427852,0.0,0.0,QQQ,,,,2024-09-04
458.97,465.36,457.94,461.04,34378785,0.0,0.0,QQQ,,,,2024-09-05
460.33,461.22,448.19,448.69,50603785,0.0,0.0,QQQ,,,,2024-09-06
453.06,455.46,449.82,454.46,32917419,0.0,0.0,QQQ,,,,2024-09-09
456.24,459.17,452.23,458.66,29651319,0.0,0.0,QQQ,,,,2024-09-10
459.91,469.37,451.28,468.62,57842992,0.0,0.0,QQQ,,,,2024-09-11
468.65,474.04,466.85,473.22,39930456,0.0,0.0,QQQ,,,,2024-09-12
472.48,476.53,472.25,475.34,28922849,0.0,0.0,QQQ,,,,2024-09-13
473.19,473.86,469.89,473.24,22581546,0.0,0.0,QQQ,,,,2024-09-16
476.29,477.6,470.97,473.49,30000988,0.0,0.0,QQQ,,,,2024-09-17
474.7,478.83,470.83,471.44,39632465,0.0,0.0,QQQ,,,,2024-09-18
482.61,486.23,480.49,483.36,51886523,0.0,0.0,QQQ,,,,2024-09-19
482.49,483.69,478.3,482.44,34403263,0.0,0.0,QQQ,,,,2024-09-20
482.95,484.14,481.6,483.04,24704372,0.0,0.0,QQQ,,,,2024-09-23
484.46,486.33,480.17,485.37,25949637,0.0,0.0,QQQ,,,,2024-09-24
484.74,487.79,484.56,485.82,26549866,0.0,0.0,QQQ,,,,2024-09-25
493.37,493.7,485.8,489.47,32012781,0.0,0.0,QQQ,,,,2024-09-26
490.5,490.64,485.56,486.75,22848120,0.0,0.0,QQQ,,,,2024-09-27
485.78,488.41,482.92,488.07,30330605,0.0,0.0,QQQ,,,,2024-09-30
487.7,488.0,477.4,481.27,42559474,0.0,0.0,QQQ,,,,2024-10-01
480.36,483.88,477.72,481.95,23668849,0.0,0.0,QQQ,,,,2024-10-02
479.74,484.54,478.99,481.59,25329070,0.0,0.0,QQQ,,,,2024-10-03
487.45,487.88,482.38,487.32,30732759,0.0,0.0,QQQ,,,,2024-10-04
485.39,486.57,480.87,482.1,24972649,0.0,0.0,QQQ,,,,2024-10-07
484.66,489.99,483.84,489.3,28252117,0.0,0.0,QQQ,,,,2024-10-08
489.0,493.73,487.95,493.15,24994950,0.0,0.0,QQQ,,,,2024-10-09
490.85,494.47,489.53,492.59,25747446,0.0,0.0,QQQ,,,,2024-10-10
490.74,494.39,490.17,493.36,20439497,0.0,0.0,QQQ,,,,2024-10-11
495.77,498.83,495.26,497.5,25720145,0.0,0.0,QQQ,,,,2024-10-14
497.83,498.5,488.68,490.85,34695156,0.0,0.0,QQQ,,,,2024-10-15
491.18,491.69,487.57,490.91,22962776,0.0,0.0,QQQ,,,,2024-10-16
496.44,496.49,491.19,491.25,27154758,0.0,0.0,QQQ,,,,2024-10-17
494.06,495.57,493.3,494.47,24758980,0.0,0.0,QQQ,,,,2024-10-18
493.25,496.23,491.31,495.42,30336549,0.0,0.0,QQQ,,,,2024-10-21
492.73,497.44,491.97,495.96,26648041,0.0,0.0,QQQ,,,,2024-10-22
493.59,494.25,485.05,488.36,39309565,0.0,0.0,QQQ,,,,2024-10-23
492.11,493.0,489.44,492.32,21805230,0.0,0.0,QQQ,,,,2024-10-24
495.14,500.28,494.43,495.32,38464943,0.0,0.0,QQQ,,,,2024-10-25
498.46,498.52,495.1,495.4,20438778,0.0,0.0,QQQ,,,,2024-10-28
495.72,501.35,493.85,500.16,27896959,0.0,0.0,QQQ,,,,2024-10-29
499.39,500.35,495.89,496.38,29755960,0.0,0.0,QQQ,,,,2024-10-30
492.38,492.43,483.75,483.85,41111248,0.0,0.0,QQQ,,,,2024-10-31
485.5,490.75,485.2,487.43,33623457,0.0,0.0,QQQ,,,,2024-11-01
486.82,489.38,484.25,486.01,23221580,0.0,0.0,QQQ,,,,2024-11-04
487.61,492.88,487.52,492.21,23962675,0.0,0.0,QQQ,,,,2024-11-05
500.56,506.41,499.6,505.58,42682198,0.0,0.0,QQQ,,,,2024-11-06
508.4,514.33,508.34,513.54,32648320,0.0,0.0,QQQ,,,,2024-11-07
513.04,514.92,512.41,514.14,22894483,0.0,0.0,QQQ,,,,2024-11-08
515.37,515.58,510.92,513.84,24056679,0.0,0.0,QQQ,,,,2024-11-11
513.77,514.66,509.83,512.91,25814288,0.0,0.0,QQQ,,,,2024-11-12
512.4,514.98,509.95,512.25,24491812,0.0,0.0,QQQ,,,,2024-11-13
511.91,512.79,507.77,508.69,28379519,0.0,0.0,QQQ,,,,2024-11-14
502.94,503.33,494.49,496.57,51293304,0.0,0.0,QQQ,,,,2024-11-15
498.13,502.14,496.73,500.02,27177662,0.0,0.0,QQQ,,,,2024-11-18
497.42,503.95,497.08,503.46,24514520,0.0,0.0,QQQ,,,,2024-11-19
503.16,503.48,496.56,503.17,29549991,0.0,0.0,QQQ,,,,2024-11-20
506.24,506.96,497.56,504.98,34521738,0.0,0.0,QQQ,,,,2024-11-21
504.42,506.53,502.78,505.79,23816444,0.0,0.0,QQQ,,,,2024-11-22
509.9,511.45,504.26,506.59,26374916,0.0,0.0,QQQ,,,,2024-11-25
508.08,510.14,507.23,509.31,26433061,0.0,0.0,QQQ,,,,2024-11-26
508.17,508.24,501.93,505.3,24753441,0.0,0.0,QQQ,,,,2024-11-27
505.93,510.34,505.31,509.74,15333968,0.0,0.0,QQQ,,,,2024-11-29
511.01,516.26,510.62,515.29,25147165,0.0,0.0,QQQ,,,,2024-12-02
513.95,517.15,513.37,516.87,18597900,0.0,0.0,QQQ,,,,2024-12-03
520.32,523.52,519.6,523.26,25919972,0.0,0.0,QQQ,,,,2024-12-04
523.31,524.04,521.42,521.81,18146132,0.0,0.0,QQQ,,,,2024-12-05
522.48,526.72,522.35,526.48,23748361,0.0,0.0,QQQ,,,,2024-12-06
525.55,526.35,521.22,522.38,20674405,0.0,0.0,QQQ,,,,2024-12-09
523.62,525.38,519.16,520.6,24237090,0.0,0.0,QQQ,,,,2024-12-10
525.0,530.61,524.59,529.92,32098579,0.0,0.0,QQQ,,,,2024-12-11
527.68,528.96,526.02,526.5,23492804,0.0,0.0,QQQ,,,,2024-12-12
530.46,533.17,527.3,530.53,28656855,0.0,0.0,QQQ,,,,2024-12-13
533.08,539.15,533.0,538.17,31918863,0.0,0.0,QQQ,,,,2024-12-16
536.36,537.48,534.13,535.8,28106770,0.0,0.0,QQQ,,,,2024-12-17
535.15,536.88,515.01,516.47,54521255,0.0,0.0,QQQ,,,,2024-12-18
521.19,521.76,513.83,514.17,46005404,0.0,0.0,QQQ,,,,2024-12-19
510.44,524.82,509.29,518.66,60086561,0.0,0.0,QQQ,,,,2024-12-20
519.55,523.25,516.13,522.87,29346800,0.0,0.0,QQQ,,,,2024-12-23
524.83,530.05,524.19,529.96,17486215,0.0,0.0,QQQ,,,,2024-12-24
528.32,531.24,526.31,529.6,18668994,0.0,0.0,QQQ,,,,2024-12-26
526.01,526.45,517.86,522.56,33839555,0.0,0.0,QQQ,,,,2024-12-27
515.51,519.36,511.83,515.61,34559078,0.0,0.0,QQQ,,,,2024-12-30
516.9,517.66,510.26,511.23,29099028,0.0,0.0,QQQ,,,,2024-12-31
514.3,516.64,505.71,510.23,36209583,0.0,0.0,QQQ,,,,2025-01-02
513.35,519.65,512.53,518.58,29049295,0.0,0.0,QQQ,,,,2025-01-03
524.02,527.92,522.03,524.54,36037329,0.0,0.0,QQQ,,,,2025-01-06
525.59,525.99,513.28,515.18,36427692,0.0,0.0,QQQ,,,,2025-01-07
515.08,516.92,510.57,515.27,30481577,0.0,0.0,QQQ,,,,2025-01-08
511.48,511.58,503.92,507.19,40399695,0.0,0.0,QQQ,,,,2025-01-10
501.2,506.02,499.7,505.56,31271060,0.0,0.0,QQQ,,,,2025-01-13
508.74,510.16,501.59,505.08,33388237,0.0,0.0,QQQ,,,,2025-01-14
513.03,517.85,511.46,516.7,34926704,0.0,0.0,QQQ,,,,2025-01-15
518.98,519.06,512.95,513.08,28162057,0.0,0.0,QQQ,,,,2025-01-16
522.85,524.07,513.11,521.74,51485591,0.0,0.0,QQQ,,,,2025-01-17
524.48,525.97,520.06,524.8,23613846,0.0,0.0,QQQ,,,,2025-01-21
529.57,533.82,529.26,531.51,33527488,0.0,0.0,QQQ,,,,2025-01-22
529.04,532.76,528.45,532.64,23042213,0.0,0.0,QQQ,,,,2025-01-23
533.02,533.79,528.15,529.63,19657301,0.0,0.0,QQQ,,,,2025-01-24
511.0,517.99,510.15,514.21,60337855,0.0,0.0,QQQ,,,,2025-01-27
515.22,523.0,511.78,521.81,32545114,0.0,0.0,QQQ,,,,2025-01-28
522.46,522.59,516.9,520.83,26628511,0.0,0.0,QQQ,,,,2025-01-29
523.71,526.1,518.21,523.05,27327102,0.0,0.0,QQQ,,,,2025-01-30
526.92,531.52,521.19,522.29,38721367,0.0,0.0,QQQ,,,,2025-01-31
513.47,520.85,511.05,518.11,40506685,0.0,0.0,QQQ,,,,2025-02-03
518.63,525.11,518.23,524.47,25919283,0.0,0.0,QQQ,,,,2025-02-04
521.82,527.01,520.62,526.85,21077130,0.0,0.0,QQQ,,,,2025-02-05
527.36,529.81,525.74,529.6,19317204,0.0,0.0,QQQ,,,,2025-02-06
530.14,532.1,522.19,522.92,29398120,0.0,0.0,QQQ,,,,2025-02-07
527.22,530.36,526.75,529.25,20629934,0.0,0.0,QQQ,,,,2025-02-10
525.96,529.92,525.83,527.99,19296600,0.0,0.0,QQQ,,,,2025-02-11
522.3,529.19,521.95,528.3,25009362,0.0,0.0,QQQ,,,,2025-02-12
529.98,536.22,529.19,535.9,28521549,0.0,0.0,QQQ,,,,2025-02-13
536.0,538.84,535.67,538.15,17517572,0.0,0.0,QQQ,,,,2025-02-14
539.73,540.0,536.04,539.37,20501528,0.0,0.0,QQQ,,,,2025-02-18
538.57,540.81,536.46,539.52,19664961,0.0,0.0,QQQ,,,,2025-02-19
538.73,539.1,532.46,537.23,26550753,0.0,0.0,QQQ,,,,2025-02-20
538.38,538.4,525.71,526.08,46470000,0.0,0.0,QQQ,,,,2025-02-21
527.88,529.07,519.53,519.87,39210392,0.0,0.0,QQQ,,,,2025-02-24
519.24,519.32,509.44,513.32,48882425,0.0,0.0,QQQ,,,,2025-02-25
515.53,519.66,511.37,514.56,34436618,0.0,0.0,QQQ,,,,2025-02-26
518.13,519.07,500.05,500.27,52396966,0.0,0.0,QQQ,,,,2025-02-27
500.13,508.78,496.93,508.17,47635893,0.0,0.0,QQQ,,,,2025-02-28
511.52,513.04,493.58,497.05,44280926,0.0,0.0,QQQ,,,,2025-03-03
494.18,503.74,487.74,495.55,67153652,0.0,0.0,QQQ,,,,2025-03-04
496.2,503.63,491.26,502.01,46175375,0.0,0.0,QQQ,,,,2025-03-05
493.69,498.58,486.2,488.2,57517132,0.0,0.0,QQQ,,,,2025-03-06
487.16,493.28,480.53,491.79,54629026,0.0,0.0,QQQ,,,,2025-03-07
483.45,483.97,468.66,472.73,76248929,0.0,0.0,QQQ,,,,2025-03-10
472.35,478.8,467.01,471.6,68628849,0.0,0.0,QQQ,,,,2025-03-11
479.16,481.06,471.79,476.92,46926032,0.0,0.0,QQQ,,,,2025-03-12
476.25,476.28,466.43,468.34,46455949,0.0,0.0,QQQ,,,,2025-03-13
473.73,480.56,473.12,479.66,43238234,0.0,0.0,QQQ,,,,2025-03-14
479.61,485.84,477.8,482.77,41744354,0.0,0.0,QQQ,,,,2025-03-17
479.41,479.61,472.41,474.54,39034565,0.0,0.0,QQQ,,,,2025-03-18
476.81,485.33,474.87,480.89,40416034,0.0,0.0,QQQ,,,,2025-03-19
476.88,484.55,476.18,479.26,36717549,0.0,0.0,QQQ,,,,2025-03-20
474.08,481.61,472.9,480.84,42223124,0.0,0.0,QQQ,,,,2025-03-21
487.74,491.51,484.4,490.66,34466436,0.0,0.0,QQQ,,,,2025-03-24
491.39,493.62,490.42,493.46,25564241,0.0,0.0,QQQ,,,,2025-03-25
492.3,493.16,482.82,484.38,34865857,0.0,0.0,QQQ,,,,2025-03-26
482.41,486.58,480.25,481.62,33426767,0.0,0.0,QQQ,,,,2025-03-27
479.81,480.52,468.05,468.94,46220997,0.0,0.0,QQQ,,,,2025-03-28
461.92,469.86,457.33,468.92,52974803,0.0,0.0,QQQ,,,,2025-03-31
467.3,473.63,464.42,472.7,41156226,0.0,0.0,QQQ,,,,2025-04-01
466.12,479.56,465.86,476.15,49888489,0.0,0.0,QQQ,,,,2025-04-02
456.44,460.07,450.14,450.66,70429088,0.0,0.0,QQQ,,,,2025-04-03
438.14,440.37,422.67,422.67,116954541,0.0,0.0,QQQ,,,,2025-04-04
408.66,443.14,402.39,423.69,161163420,0.0,0.0,QQQ,,,,2025-04-07
438.16,443.14,409.79,416.06,101092460,0.0,0.0,QQQ,,,,2025-04-08
415.57,467.83,415.43,466.0,142752078,0.0,0.0,QQQ,,,,2025-04-09
453.56,455.59,432.63,446.18,104859092,0.0,0.0,QQQ,,,,2025-04-10
444.65,455.79,441.33,454.4,52312529,0.0,0.0,QQQ,,,,2025-04-11
464.46,465.05,452.63,457.48,43941179,0.0,0.0,QQQ,,,,2025-04-14
458.54,462.38,456.15,457.99,35344810,0.0,0.0,QQQ,,,,2025-04-15
449.03,452.62,437.76,444.18,48946652,0.0,0.0,QQQ,,,,2025-04-16
447.17,447.75,441.36,444.1,44818947,0.0,0.0,QQQ,,,,2025-04-17
438.23,439.08,427.93,433.11,44055313,0.0,0.0,QQQ,,,,2025-04-21
438.82,447.58,437.62,444.48,52249288,0.0,0.0,QQQ,,,,2025-04-22
458.17,463.38,452.88,454.56,55038188,0.0,0.0,QQQ,,,,2025-04-23
456.48,467.66,455.83,467.35,45638636,0.0,0.0,QQQ,,,,2025-04-24
466.97,473.09,465.39,472.56,38665413,0.0,0.0,QQQ,,,,2025-04-25
473.03,474.81,466.03,472.41,33510678,0.0,0.0,QQQ,,,,2025-04-28
470.17,476.42,469.59,475.53,30613120,0.0,0.0,QQQ,,,,2025-04-29
467.13,477.2,462.43,475.47,46520810,0.0,0.0,QQQ,,,,2025-04-30
483.41,487.18,480.74,481.68,43293539,0.0,0.0,QQQ,,,,2025-05-01
486.54,490.91,484.83,488.83,39183282,0.0,0.0,QQQ,,,,2025-05-02
484.6,489.03,484.1,485.93,28267150,0.0,0.0,QQQ,,,,2025-05-05
479.56,485.05,478.19,481.41,32786310,0.0,0.0,QQQ,,,,2025-05-06
482.08,485.8,476.78,483.3,38109864,0.0,0.0,QQQ,,,,2025-05-07
488.53,492.7,484.17,488.29,39577592,0.0,0.0,QQQ,,,,2025-05-08
490.21,491.54,486.2,487.97,27767416,0.0,0.0,QQQ,,,,2025-05-09
506.99,507.89,501.48,507.85,45090616,0.0,0.0,QQQ,,,,2025-05-12
509.16,517.39,508.42,515.59,53269573,0.0,0.0,QQQ,,,,2025-05-13
516.77,519.23,515.75,518.68,47014516,0.0,0.0,QQQ,,,,2025-05-14
516.52,521.93,515.17,519.25,50153275,0.0,0.0,QQQ,,,,2025-05-15
520.66,521.7,517.1,521.51,48394603,0.0,0.0,QQQ,,,,2025-05-16
514.24,522.53,514.24,522.01,52536154,0.0,0.0,QQQ,,,,2025-05-19
519.47,520.93,516.66,520.27,42517561,0.0,0.0,QQQ,,,,2025-05-20
516.27,523.0,511.24,513.04,71292831,0.0,0.0,QQQ,,,,2025-05-21
513.66,517.71,512.3,514.0,55607169,0.0,0.0,QQQ,,,,2025-05-22
506.18,511.84,505.58,509.24,58368075,0.0,0.0,QQQ,,,,2025-05-23
516.15,521.71,514.59,521.22,47226323,0.0,0.0,QQQ,,,,2025-05-27
522.18,523.68,518.39,518.91,46637175,0.0,0.0,QQQ,,,,2025-05-28
526.33,526.48,517.32,519.93,58724069,0.0,0.0,QQQ,,,,2025-05-29
519.44,520.68,511.93,519.11,67662836,0.0,0.0,QQQ,,,,2025-05-30
517.24,523.45,515.97,523.21,44762817,0.0,0.0,QQQ,,,,2025-06-02
523.56,528.74,522.69,527.3,44070330,0.0,0.0,QQQ,,,,2025-06-03
528.01,529.84,525.97,528.77,41359322,0.0,0.0,QQQ,,,,2025-06-04
530.18,533.05,522.66,524.79,61286623,0.0,0.0,QQQ,,,,2025-06-05
530.0,531.8,528.21,529.92,42467021,0.0,0.0,QQQ,,,,2025-06-06
530.14,532.35,529.01,530.7,33688671,0.0,0.0,QQQ,,,,2025-06-09
531.17,534.9,528.89,534.21,40664795,0.0,0.0,QQQ,,,,2025-06-10
535.62,536.78,530.11,532.41,53701033,0.0,0.0,QQQ,,,,2025-06-11
531.09,534.64,530.84,533.66,34104887,0.0,0.0,QQQ,,,,2025-06-12
527.68,531.87,525.73,526.96,55814443,0.0,0.0,QQQ,,,,2025-06-13
530.5,535.37,530.45,534.29,37622051,0.0,0.0,QQQ,,,,2025-06-16
531.71,533.33,527.91,529.08,42180866,0.0,0.0,QQQ,,,,2025-06-17
530.1,532.55,527.4,528.99,43983522,0.0,0.0,QQQ,,,,2025-06-18
532.26,533.56,524.88,526.83,61643519,0.0,0.0,QQQ,,,,2025-06-20
526.81,532.17,523.65,531.65,50666146,0.0,0.0,QQQ,,,,2025-06-23
536.89,540.7,536.27,539.78,45441982,0.0,0.0,QQQ,,,,2025-06-24
542.06,543.31,539.38,541.16,44804168,0.0,0.0,QQQ,,,,2025-06-25
543.35,546.67,541.52,546.22,43811432,0.0,0.0,QQQ,,,,2025-06-26
547.26,549.99,544.54,548.09,57577147,0.0,0.0,QQQ,,,,2025-06-27
551.26,552.8,549.01,551.64,45548742,0.0,0.0,QQQ,,,,2025-06-30
549.73,550.71,544.66,546.99,56166736,0.0,0.0,QQQ,,,,2025-07-01
546.16,551.0,546.12,550.8,36538281,0.0,0.0,QQQ,,,,2025-07-02
553.18,557.2,553.18,556.22,26444199,0.0,0.0,QQQ,,,,2025-07-03
553.52,554.34,549.58,552.03,45349323,0.0,0.0,QQQ,,,,2025-07-07
553.38,554.01,551.1,552.34,36153258,0.0,0.0,QQQ,,,,2025-07-08
554.48,557.63,553.1,556.25,43045534,0.0,0.0,QQQ,,,,2025-07-09
556.89,557.3,552.75,555.45,34710913,0.0,0.0,QQQ,,,,2025-07-10
553.3,555.79,552.05,554.2,39618635,0.0,0.0,QQQ,,,,2025-07-11
553.99,556.95,551.63,556.21,36453314,0.0,0.0,QQQ,,,,2025-07-14
560.25,560.8,556.66,556.72,43277661,0.0,0.0,QQQ,,,,2025-07-15
557.28,560.21,551.56,557.29,52314711,0.0,0.0,QQQ,,,,2025-07-16
558.02,562.31,557.21,561.8,40423778,0.0,0.0,QQQ,,,,2025-07-17
563.12,564.73,559.98,561.26,50484704,0.0,0.0,QQQ,,,,2025-07-18
562.09,566.06,562.06,564.17,39595214,0.0,0.0,QQQ,,,,2025-07-21
564.3,564.35,558.61,561.25,43270647,0.0,0.0,QQQ,,,,2025-07-22
562.34,563.85,559.58,563.81,40215259,0.0,0.0,QQQ,,,,2025-07-23
565.13,566.24,563.29,565.01,42275541,0.0,0.0,QQQ,,,,2025-07-24
564.93,567.7,564.27,566.37,30630813,0.0,0.0,QQQ,,,,2025-07-25
567.74,569.04,566.87,568.14,31498739,0.0,0.0,QQQ,,,,2025-07-28
570.76,572.11,566.53,567.26,45463317,0.0,0.0,QQQ,,,,2025-07-29
568.18,570.62,565.05,568.02,43433777,0.0,0.0,QQQ,,,,2025-07-30
574.54,574.63,563.87,565.01,64613590,0.0,0.0,QQQ,,,,2025-07-31
558.83,559.02,551.68,553.88,69400789,0.0,0.0,QQQ,,,,2025-08-01
559.05,564.32,558.95,564.1,47669751,0.0,0.0,QQQ,,,,2025-08-04
565.39,566.56,559.73,560.27,48666640,0.0,0.0,QQQ,,,,2025-08-05
561.11,567.76,560.63,567.32,41823677,0.0,0.0,QQQ,,,,2025-08-06
571.67,573.32,565.11,569.24,44462972,0.0,0.0,QQQ,,,,2025-08-07
570.45,574.77,570.15,574.55,35255472,0.0,0.0,QQQ,,,,2025-08-08
574.69,576.8,571.57,572.85,33112917,0.0,0.0,QQQ,,,,2025-08-11
575.16,580.35,572.48,580.05,42271441,0.0,0.0,QQQ,,,,2025-08-12
582.76,583.32,578.94,580.34,41209294,0.0,0.0,QQQ,,,,2025-08-13
578.28,581.88,577.91,579.89,45425043,0.0,0.0,QQQ,,,,2025-08-14
579.8,579.84,575.57,577.34,49480161,0.0,0.0,QQQ,,,,2025-08-15
576.44,577.76,575.24,577.11,29830957,0.0,0.0,QQQ,,,,2025-08-18
576.39,576.56,568.25,569.28,53752635,0.0,0.0,QQQ,,,,2025-08-19
568.33,568.45,558.84,565.9,76781087,0.0,0.0,QQQ,,,,2025-08-20
564.35,566.49,560.98,563.28,46436899,0.0,0.0,QQQ,,,,2025-08-21
564.67,573.99,563.27,571.97,51502129,0.0,0.0,QQQ,,,,2025-08-22
570.4,573.29,569.16,570.32,34044749,0.0,0.0,QQQ,,,,2025-08-25
569.83,572.92,568.8,572.61,34103014,0.0,0.0,QQQ,,,,2025-08-26
571.59,574.4,570.37,573.49,36927144,0.0,0.0,QQQ,,,,2025-08-27
574.11,578.0,572.46,577.08,46787857,0.0,0.0,QQQ,,,,2025-08-28
574.66,575.03,568.54,570.4,56030409,0.0,0.0,QQQ,,,,2025-08-29
561.31,565.96,559.54,565.62,65876765,0.0,0.0,QQQ,,,,2025-09-02
569.23,571.7,566.72,570.07,54230213,0.0,0.0,QQQ,,,,2025-09-03
570.74,575.6,569.02,575.23,47526280,0.0,0.0,QQQ,,,,2025-09-04
580.49,581.12,571.53,576.06,68342532,0.0,0.0,QQQ,,,,2025-09-05
578.37,580.84,577.77,578.87,46371354,0.0,0.0,QQQ,,,,2025-09-08
579.67,580.94,577.04,580.51,44007592,0.0,0.0,QQQ,,,,2025-09-09
583.74,583.77,578.55,580.7,49307959,0.0,0.0,QQQ,,,,2025-09-10
583.24,584.88,581.62,584.08,44745766,0.0,0.0,QQQ,,,,2025-09-11
585.04,587.86,584.1,586.66,50745886,0.0,0.0,QQQ,,,,2025-09-12
588.44,591.79,588.29,591.68,44360315,0.0,0.0,QQQ,,,,2025-09-15
592.61,592.86,590.49,591.18,36942130,0.0,0.0,QQQ,,,,2025-09-16
591.1,591.75,584.36,590.0,69384820,0.0,0.0,QQQ,,,,2025-09-17
594.91,598.14,592.96,595.32,61069294,0.0,0.0,QQQ,,,,2025-09-18
597.33,600.05,595.85,599.35,58196109,0.0,0.0,QQQ,,,,2025-09-19
597.74,602.87,597.72,602.2,57154769,0.0,0.0,QQQ,,,,2025-09-22
602.37,602.57,596.98,598.2,64635486,0.0,0.0,QQQ,,,,2025-09-23
599.58,599.9,593.36,596.1,49850301,0.0,0.0,QQQ,,,,2025-09-24
592.2,595.12,588.5,593.53,70920209,0.0,0.0,QQQ,,,,2025-09-25
594.35,596.3,591.06,595.97,54337416,0.0,0.0,QQQ,,,,2025-09-26
599.11,602.05,597.41,598.73,48332934,0.0,0.0,QQQ,,,,2025-09-29
598.43,600.71,596.1,600.37,46533814,0.0,0.0,QQQ,,,,2025-09-30
597.17,603.79,596.34,603.25,46899612,0.0,0.0,QQQ,,,,2025-10-01
607.06,607.16,602.93,605.73,43765410,0.0,0.0,QQQ,,,,2025-10-02
606.51,607.33,601.38,603.18,46482098,0.0,0.0,QQQ,,,,2025-10-03
608.45,609.36,605.97,607.71,41962115,0.0,0.0,QQQ,,,,2025-10-06
609.02,609.71,603.03,604.51,58209463,0.0,0.0,QQQ,,,,2025-10-07
605.41,611.75,605.26,611.44,50629754,0.0,0.0,QQQ,,,,2025-10-08
611.48,611.61,607.48,610.7,45550958,0.0,0.0,QQQ,,,,2025-10-09
611.4,613.18,589.05,589.5,97614783,0.0,0.0,QQQ,,,,2025-10-10
599.68,602.95,597.23,602.01,65872584,0.0,0.0,QQQ,,,,2025-10-13
595.31,602.69,590.13,598.0,69203187,0.0,0.0,QQQ,,,,2025-10-14
604.01,606.7,595.93,602.22,62805456,0.0,0.0,QQQ,,,,2025-10-15
605.11,608.31,595.5,599.99,70981963,0.0,0.0,QQQ,,,,2025-10-16
597.95,605.51,596.37,603.93,72024872,0.0,0.0,QQQ,,,,2025-10-17
607.14,612.8,607.07,611.54,45761697,0.0,0.0,QQQ,,,,2025-10-20
611.64,612.72,609.32,611.38,44538161,0.0,0.0,QQQ,,,,2025-10-21
610.82,611.41,599.74,605.49,61478802,0.0,0.0,QQQ,,,,2025-10-22
604.91,611.37,604.52,610.58,42844298,0.0,0.0,QQQ,,,,2025-10-23
615.99,618.42,615.13,617.1,47632676,0.0,0.0,QQQ,,,,2025-10-24
624.52,628.55,624.03,628.09,54098600,0.0,0.0,QQQ,Invesco QQQ Trust,,,2025-10-27
630.36,634.68,629.25,632.92,61195700,0.0,0.0,QQQ,Invesco QQQ Trust,,,2025-10-28
635.59,637.01,630.25,635.77,67422800,0.0,0.0,QQQ,Invesco QQQ Trust,,,2025-10-29
632.17,633.5,625.94,626.05,61628600,0.0,0.0,QQQ,Invesco QQQ Trust,,,2025-10-30
634.17,634.2,626.69,629.07,66305100,0.0,0.0,QQQ,Invesco QQQ Trust,,,2025-10-31
635.11,635.82,629.85,632.08,37154300,0.0,0.0,QQQ,Invesco QQQ Trust,,,2025-11-03
623.28,626.95,618.46,619.25,63830800,0.0,0.0,QQQ,Invesco QQQ Trust,,,2025-11-04
618.49,626.6,617.21,623.28,48688500,0.0,0.0,QQQ,Invesco QQQ Trust,,,2025-11-05
621.79,622.04,610.3,611.67,72115100,0.0,0.0,QQQ,Invesco QQQ Trust,,,2025-11-06
608.31,609.95,598.67,609.74,81835400,0.0,0.0,QQQ,Invesco QQQ Trust,,,2025-11-07
618.92,624.31,616.89,623.23,55919900,0.0,0.0,QQQ,Invesco QQQ Trust,,,2025-11-10
620.57,622.72,617.52,621.57,44868800,0.0,0.0,QQQ,Invesco QQQ Trust,,,2025-11-11
624.84,624.86,617.81,621.08,47051500,0.0,0.0,QQQ,Invesco QQQ Trust,,,2025-11-12
